Recorded time,Building Insurance Claim Size,Content Insurance Claim Size,Year,Month,Day
03/01/1980,1098096.63,585651.5,1980,1,3
04/01/1980,1756954.61,336749.6,1980,1,4
07/01/1980,1244509.52,3367496,1980,1,7
10/01/1980,4452039.53,4273234,1980,1,10
10/01/1980,2494875.55,3543192,1980,1,10
16/01/1980,775689.6,993117.1,1980,1,16
16/01/1980,812591.51,673499.3,1980,1,16
19/01/1980,2371573.94,168374.8,1980,1,19
26/01/1980,6918008.78,4456808,1980,1,26
26/01/1980,1602306,880433.4,1980,1,26
28/01/1980,18301610.54,7913031,1980,1,28
03/02/1980,1545622.25,456808.2,1980,2,3
05/02/1980,4392386.53,137628.1,1980,2,5
07/02/1980,1120988.29,720764.3,1980,2,7
13/02/1980,10248901.9,3873174,1980,2,13
16/02/1980,3081647.14,2342606,1980,2,16
19/02/1980,2928257.69,8784773,1980,2,19
20/02/1980,959004.39,556369,1980,2,20
22/02/1980,1756954.61,292825.8,1980,2,22
23/02/1980,3806734.99,8658858,1980,2,23
27/02/1980,512445.1,1171303,1980,2,27
07/03/1980,667749.63,2436483,1980,3,7
13/03/1980,1674612.01,73206.44,1980,3,13
13/03/1980,73206.44,2342606,1980,3,13
17/03/1980,4392386.53,897863.8,1980,3,17
26/03/1980,622655.93,1308665,1980,3,26
16/04/1980,732064.42,805270.9,1980,4,16
01/05/1980,369019.03,1098097,1980,5,1
01/05/1980,1024890.19,1024890,1980,5,1
02/05/1980,1088989.75,839721.8,1980,5,2
02/05/1980,2124303.07,1138851,1980,5,2
04/05/1980,898975.11,805270.9,1980,5,4
09/05/1980,1098096.63,2196193,1980,5,9
18/05/1980,5856515.37,1464129,1980,5,18
26/05/1980,9325036.6,4295754,1980,5,26
29/05/1980,732064.42,1024890,1980,5,29
03/06/1980,7320644.22,14641290,1980,6,3
12/06/1980,2306002.93,146412.9,1980,6,12
15/06/1980,1244509.52,1424597,1980,6,15
16/06/1980,612005.86,1112738,1980,6,16
21/06/1980,1171303.07,790629.6,1980,6,21
30/06/1980,3806734.99,819912.2,1980,6,30
04/07/1980,946705.71,2060029,1980,7,4
04/07/1980,1113212.3,4450640,1980,7,4
12/07/1980,1295754.03,382137.6,1980,7,12
14/07/1980,1156661.79,292825.8,1980,7,14
15/07/1980,95168374.82,106149300,1980,7,15
26/07/1980,1582723.28,52708.64,1980,7,26
28/07/1980,1048521.23,1098097,1980,7,28
07/08/1980,4278042.46,1157665,1980,8,7
08/08/1980,2489019.03,434846.3,1980,8,8
11/08/1980,1036727.67,867877,1980,8,11
18/08/1980,52708.64,1683748,1980,8,18
23/08/1980,1464128.84,253294.3,1980,8,23
27/08/1980,1451664.71,600292.8,1980,8,27
28/08/1980,512445.1,1590044,1980,8,28
30/08/1980,146412.88,5270864,1980,8,30
05/09/1980,1756954.61,288433.4,1980,9,5
08/09/1980,555954.61,2064999,1980,9,8
11/09/1980,1317715.96,270863.8,1980,9,11
12/09/1980,1334613.47,2928258,1980,9,12
12/09/1980,1243414.35,512445.1,1980,9,12
15/09/1980,5417276.72,2196193,1980,9,15
15/09/1980,5027672.04,1464129,1980,9,15
25/09/1980,234260.61,1893119,1980,9,25
30/09/1980,439238.65,2342606,1980,9,30
01/10/1980,658857.98,1171303,1980,10,1
06/10/1980,1573131.77,395314.8,1980,10,6
07/10/1980,1756954.61,485156.7,1980,10,7
08/10/1980,1325797.95,395314.8,1980,10,8
12/10/1980,2515698.39,2196193,1980,10,12
16/10/1980,878477.31,1512748,1980,10,16
17/10/1980,11310395.31,7759883,1980,10,17
20/10/1980,1756954.61,117130.3,1980,10,20
23/10/1980,512445.1,951683.7,1980,10,23
27/10/1980,1317715.96,1481991,1980,10,27
29/10/1980,1683748.17,329429,1980,10,29
30/10/1980,1390922.4,73206.44,1980,10,30
05/11/1980,3660322.11,2664714,1980,11,5
10/11/1980,1610541.73,724743.8,1980,11,10
13/11/1980,1530014.64,585651.5,1980,11,13
14/11/1980,752197.66,717347,1980,11,14
18/11/1980,2196193.27,3206442,1980,11,18
19/11/1980,1317715.96,1554905,1980,11,19
08/12/1980,1464128.84,585651.5,1980,12,8
09/12/1980,1244509.52,717423.1,1980,12,9
09/12/1980,2049780.38,585651.5,1980,12,9
10/12/1980,3660322.11,2196193,1980,12,10
12/12/1980,2668991.22,484887.3,1980,12,12
14/12/1980,1260241.58,1260615,1980,12,14
17/12/1980,7320644.22,12152270,1980,12,17
17/12/1980,1317715.96,517746.7,1980,12,17
25/12/1980,1756954.61,1024890,1980,12,25
27/12/1980,2489019.03,351390.9,1980,12,27
31/12/1980,1464128.84,866764.3,1980,12,31
01/01/1981,1284403.67,340760.2,1981,1,1
01/01/1981,1048492.79,266055,1981,1,1
01/01/1981,595321.1,1808650,1981,1,1
03/01/1981,3145478.37,3770152,1981,1,3
26/01/1981,1441677.59,373525.6,1981,1,26
31/01/1981,5897771.95,2359109,1981,1,31
07/02/1981,1289193.97,917431.2,1981,2,7
10/02/1981,4914809.96,29226740,1981,2,10
13/02/1981,1965923.98,406291,1981,2,13
15/02/1981,524246.4,3145478,1981,2,15
17/02/1981,990681.52,5242464,1981,2,17
23/02/1981,2686762.78,5570118,1981,2,23
27/02/1981,1703800.79,393184.8,1981,2,27
01/03/1981,393184.8,1376147,1981,3,1
01/03/1981,1323176.93,361726.1,1981,3,1
04/03/1981,1441677.59,494102.2,1981,3,4
10/03/1981,1310615.99,65530.8,1981,3,10
12/03/1981,655307.99,923984.3,1981,3,12
13/03/1981,1965923.98,393184.8,1981,3,13
23/03/1981,1310615.99,491481,1981,3,23
24/03/1981,1336828.31,482306.7,1981,3,24
24/03/1981,334207.08,976408.9,1981,3,24
27/03/1981,3019659.24,61114.02,1981,3,27
01/04/1981,7208387.94,13761470,1981,4,1
10/04/1981,1572739.19,2621232,1981,4,10
13/04/1981,1179554.39,682089.1,1981,4,13
18/04/1981,1965923.98,530799.5,1981,4,18
20/04/1981,2621231.98,2621232,1981,4,20
23/04/1981,2096985.58,6159895,1981,4,23
25/04/1981,2621231.98,10273920,1981,4,25
26/04/1981,1395806.03,393184.8,1981,4,26
26/04/1981,1899369.59,277457.4,1981,4,26
27/04/1981,8014849.28,762778.5,1981,4,27
27/04/1981,1382699.87,432503.3,1981,4,27
29/04/1981,1310615.99,2332896,1981,4,29
02/05/1981,525557.01,1087811,1981,5,2
03/05/1981,943643.51,524246.4,1981,5,3
06/05/1981,1548064.22,1572739,1981,5,6
13/05/1981,1572739.19,2228047,1981,5,13
16/05/1981,1179554.39,393184.8,1981,5,16
16/05/1981,1698990.83,131061.6,1981,5,16
21/05/1981,2330727.39,475753.6,1981,5,21
23/05/1981,786369.59,571428.6,1981,5,23
24/05/1981,989515.07,629095.7,1981,5,24
25/05/1981,655307.99,1310616,1981,5,25
28/05/1981,2760157.27,262123.2,1981,5,28
29/05/1981,2621231.98,53604190,1981,5,29
31/05/1981,4587155.96,393184.8,1981,5,31
17/06/1981,1703800.79,196592.4,1981,6,17
18/06/1981,1395806.03,327654,1981,6,18
19/06/1981,1376146.79,327654,1981,6,19
19/06/1981,2326343.38,693315.9,1981,6,19
24/06/1981,697247.71,722149.4,1981,6,24
29/06/1981,3931847.97,458715.6,1981,6,29
30/06/1981,5242463.96,2621232,1981,6,30
01/07/1981,524246.4,1048493,1981,7,1
07/07/1981,1965923.98,669698.6,1981,7,7
10/07/1981,1435648.75,429069.5,1981,7,10
11/07/1981,1441677.59,16077.33,1981,7,11
11/07/1981,5897771.95,1415465,1981,7,11
12/07/1981,1682817.82,92740.5,1981,7,12
20/07/1981,982961.99,366972.5,1981,7,20
26/07/1981,1125058.98,341415.5,1981,7,26
28/07/1981,3407601.57,1310616,1981,7,28
31/07/1981,1310615.99,131061.6,1981,7,31
11/08/1981,982961.99,393184.8,1981,8,11
19/08/1981,1598951.51,85190.04,1981,8,19
19/08/1981,1189478.37,178769.3,1981,8,19
28/08/1981,1703800.79,222804.7,1981,8,28
28/08/1981,2096985.58,537352.6,1981,8,28
28/08/1981,1834862.39,263433.8,1981,8,28
29/08/1981,1638269.99,1402898,1981,8,29
01/09/1981,1312762.78,166032.8,1981,9,1
02/09/1981,1310615.99,1310616,1981,9,2
03/09/1981,2752293.58,249017,1981,9,3
06/09/1981,8125819.13,2096986,1981,9,6
09/09/1981,1395498.03,1183898,1981,9,9
11/09/1981,1179554.39,773263.4,1981,9,11
16/09/1981,1539973.79,399737.9,1981,9,16
19/09/1981,1834862.39,34731.32,1981,9,19
20/09/1981,2090432.5,747051.1,1981,9,20
21/09/1981,1048492.79,930537.4,1981,9,21
22/09/1981,4627142.86,1310616,1981,9,22
26/09/1981,393184.8,1048493,1981,9,26
01/10/1981,1703800.79,334207.1,1981,10,1
03/10/1981,478374.84,2490170,1981,10,3
07/10/1981,1965923.98,471821.8,1981,10,7
11/10/1981,5483411.53,1626459,1981,10,11
18/10/1981,1218872.87,197077.3,1981,10,18
22/10/1981,2241153.34,3800786,1981,10,22
25/10/1981,1441677.59,1572739,1981,10,25
27/10/1981,1376146.79,393184.8,1981,10,27
28/10/1981,1002538.66,589777.2,1981,10,28
01/11/1981,1035386.63,353866.3,1981,11,1
03/11/1981,1179554.39,243774.6,1981,11,3
03/11/1981,991989.52,1330274,1981,11,3
05/11/1981,876802.1,528178.2,1981,11,5
08/11/1981,1965923.98,655308,1981,11,8
13/11/1981,2444298.82,1179554,1981,11,13
15/11/1981,1572739.19,32765.4,1981,11,15
16/11/1981,1703800.79,307994.8,1981,11,16
17/11/1981,1310615.99,956749.7,1981,11,17
19/11/1981,1277079.95,2096986,1981,11,19
22/11/1981,351874.18,1138925,1981,11,22
24/11/1981,1572739.19,524246.4,1981,11,24
25/11/1981,1099796.85,470369.6,1981,11,25
25/11/1981,1048492.79,327654,1981,11,25
01/12/1981,2621231.98,524246.4,1981,12,1
10/12/1981,805235.91,2228047,1981,12,10
13/12/1981,98296.2,1965924,1981,12,13
14/12/1981,5242463.96,1179554,1981,12,14
18/12/1981,1310615.99,179554.4,1981,12,18
21/12/1981,2883355.18,47182180,1981,12,21
21/12/1981,1441677.59,117955.4,1981,12,21
29/12/1981,2096985.58,327654,1981,12,29
31/12/1981,1310615.99,301441.7,1981,12,31
06/01/1982,2080856.12,2140309,1982,1,6
08/01/1982,784780.02,475624.3,1982,1,8
08/01/1982,1118026.16,285667.1,1982,1,8
09/01/1982,1070154.58,227110.6,1982,1,9
13/01/1982,1666980.98,260511.3,1982,1,13
13/01/1982,1426872.77,488585,1982,1,13
21/01/1982,1724137.93,178359.1,1982,1,21
22/01/1982,713436.39,475698,1982,1,22
22/01/1982,1735693.22,8442331,1982,1,22
29/01/1982,1907404.28,57639.71,1982,1,29
01/02/1982,1626892.98,319089.2,1982,2,1
03/02/1982,921522,280918,1982,2,3
04/02/1982,3923900.12,6896552,1982,2,4
04/02/1982,1650451.84,445897.7,1982,2,4
07/02/1982,1102259.22,790725.3,1982,2,7
08/02/1982,1486325.8,546967.9,1982,2,8
09/02/1982,653983.35,951248.5,1982,2,9
16/02/1982,1206896.55,196195,1982,2,16
22/02/1982,927467.3,267538.6,1982,2,22
25/02/1982,2853745.54,392390,1982,2,25
27/02/1982,594530.32,2378121,1982,2,27
28/02/1982,1103879.9,101070.2,1982,2,28
28/02/1982,1189060.64,594530.3,1982,2,28
07/03/1982,1783590.96,2140309,1982,3,7
10/03/1982,1480173.6,2972652,1982,3,10
19/03/1982,1204714.63,118906.1,1982,3,19
20/03/1982,1189060.64,416171.2,1982,3,20
22/03/1982,9631391.2,15338880,1982,3,22
05/04/1982,919143.88,713436.4,1982,4,5
05/04/1982,1082045.18,1032105,1982,4,5
11/04/1982,1307966.71,83234.24,1982,4,11
14/04/1982,1108145.07,832342.4,1982,4,14
14/04/1982,2378121.28,153329.4,1982,4,14
18/04/1982,1409036.86,78478,1982,4,18
21/04/1982,1443519.62,247324.6,1982,4,21
24/04/1982,1125140.31,133725.3,1982,4,24
24/04/1982,1228299.64,239001.2,1982,4,24
25/04/1982,2664684.9,71343.64,1982,4,25
28/04/1982,2378121.28,100969.1,1982,4,28
01/05/1982,1070154.58,3567182,1982,5,1
02/05/1982,594530.32,594530.3,1982,5,2
08/05/1982,1902497.03,439952.4,1982,5,8
16/05/1982,683709.87,653983.4,1982,5,16
23/05/1982,653983.35,3567182,1982,5,23
31/05/1982,1545778.83,94173.6,1982,5,31
03/06/1982,1189060.64,29726.52,1982,6,3
06/06/1982,832342.45,2853746,1982,6,6
10/06/1982,951248.51,2972652,1982,6,10
10/06/1982,832342.45,475624.3,1982,6,10
16/06/1982,1664684.9,500594.5,1982,6,16
17/06/1982,4253699.17,386493.5,1982,6,17
17/06/1982,1783590.96,1189061,1982,6,17
22/06/1982,594530.32,951248.5,1982,6,22
24/06/1982,951248.51,237812.1,1982,6,24
27/06/1982,7728894.17,3567182,1982,6,27
01/07/1982,2556480.38,309155.8,1982,7,1
14/07/1982,1248513.67,111055.9,1982,7,14
14/07/1982,2140309.16,3745541,1982,7,14
15/07/1982,1175074.91,94168.85,1982,7,15
21/07/1982,1964814.51,1553158,1982,7,21
24/07/1982,1486325.8,356718.2,1982,7,24
24/07/1982,1111771.7,303210.5,1982,7,24
27/07/1982,4756242.57,189789.5,1982,7,27
28/07/1982,737217.6,1175981,1982,7,28
29/07/1982,3686087.99,9374554,1982,7,29
31/07/1982,3129607.61,2378121,1982,7,31
01/08/1982,2259215.22,951248.5,1982,8,1
04/08/1982,3579227.11,614507.7,1982,8,4
04/08/1982,2972651.61,475624.3,1982,8,4
05/08/1982,3091557.67,464922.7,1982,8,5
06/08/1982,1236938.17,894573.1,1982,8,6
09/08/1982,2164090.37,253507.7,1982,8,9
13/08/1982,1156458.98,402724.1,1982,8,13
23/08/1982,951248.51,416171.2,1982,8,23
30/08/1982,2378121.28,1070155,1982,8,30
06/09/1982,1294195.01,289686.1,1982,9,6
08/09/1982,1070154.58,282996.4,1982,9,8
10/09/1982,1423642.09,363902.5,1982,9,10
10/09/1982,1724137.93,312722.9,1982,9,10
13/09/1982,1902497.03,71343.64,1982,9,13
18/09/1982,1852529.13,1057403,1982,9,18
19/09/1982,1426872.77,83234.24,1982,9,19
20/09/1982,2978190.25,1024388,1982,9,20
22/09/1982,475624.26,951248.5,1982,9,22
28/09/1982,1783590.96,504186.7,1982,9,28
30/09/1982,936979.79,451843,1982,9,30
01/10/1982,2378121.28,1795482,1982,10,1
04/10/1982,237812.13,2857313,1982,10,4
06/10/1982,801426.87,398722.9,1982,10,6
24/10/1982,14577883.47,45184300,1982,10,24
27/10/1982,6800049.94,18560050,1982,10,27
27/10/1982,12152199.76,3774078,1982,10,27
01/11/1982,2045862.07,541283,1982,11,1
06/11/1982,2114619.5,832342.4,1982,11,6
07/11/1982,1070154.58,154577.9,1982,11,7
08/11/1982,1070154.58,475624.3,1982,11,8
15/11/1982,1367419.74,1605232,1982,11,15
22/11/1982,1070154.58,356718.2,1982,11,22
25/11/1982,1070154.58,237812.1,1982,11,25
25/11/1982,416171.22,1082213,1982,11,25
27/11/1982,832342.45,856123.7,1982,11,27
02/12/1982,2378121.28,1997622,1982,12,2
02/12/1982,1313048.75,473643.3,1982,12,2
09/12/1982,951248.51,237812.1,1982,12,9
10/12/1982,1070154.58,3091558,1982,12,10
20/12/1982,1070154.58,1070155,1982,12,20
24/12/1982,3804994.05,15700360,1982,12,24
25/12/1982,2734839.48,1545779,1982,12,25
27/12/1982,4161712.25,1426873,1982,12,27
31/12/1982,1010701.55,1783591,1982,12,31
03/01/1983,1112347.05,229143.5,1983,1,3
03/01/1983,1040631.81,309014.5,1983,1,3
07/01/1983,1390433.82,107897.7,1983,1,7
09/01/1983,973303.67,139043.4,1983,1,9
10/01/1983,1045588.43,981899.9,1983,1,10
15/01/1983,803588.43,979864.3,1983,1,15
19/01/1983,4226918.8,122358.2,1983,1,19
24/01/1983,1001112.35,133481.6,1983,1,24
25/01/1983,1939695.22,521146.8,1983,1,25
30/01/1983,463848.72,1696329,1983,1,30
03/02/1983,1112347.05,4272525,1983,2,3
08/02/1983,710789.77,667408.2,1983,2,8
09/02/1983,889877.64,327030,1983,2,9
11/02/1983,1045606.23,117908.8,1983,2,11
12/02/1983,1124590.66,778642.9,1983,2,12
14/02/1983,3559510.57,1167964,1983,2,14
14/02/1983,1223581.76,333704.1,1983,2,14
17/02/1983,1001112.35,305895.4,1983,2,17
18/02/1983,2892102.34,251390.4,1983,2,18
20/02/1983,889877.64,307230.3,1983,2,20
18/03/1983,1223581.76,556173.5,1983,3,18
21/03/1983,1492070.08,155332.6,1983,3,21
21/03/1983,1312025.58,411666.3,1983,3,21
22/03/1983,3337041.16,2224694,1983,3,22
28/03/1983,1056729.7,278086.8,1983,3,28
01/04/1983,1112347.05,478309.2,1983,4,1
06/04/1983,1733768.63,520024.5,1983,4,6
10/04/1983,2117908.79,1668521,1983,4,10
11/04/1983,166852.06,1668521,1983,4,11
12/04/1983,1112347.05,1334816,1983,4,12
17/04/1983,829843.16,333704.1,1983,4,17
18/04/1983,2485454.95,667408.2,1983,4,18
21/04/1983,444938.82,4004449,1983,4,21
21/04/1983,834260.29,1335769,1983,4,21
10/05/1983,869855.39,339265.9,1983,5,10
13/05/1983,1023359.29,133481.6,1983,5,13
17/05/1983,667408.23,572858.7,1983,5,17
18/05/1983,889877.64,269378.2,1983,5,18
27/05/1983,1112347.05,1668521,1983,5,27
29/05/1983,7786429.37,1507230,1983,5,29
06/06/1983,1668520.58,472747.5,1983,6,6
07/06/1983,1167964.4,307007.8,1983,6,7
19/06/1983,1223581.76,371523.9,1983,6,19
22/06/1983,444938.82,667408.2,1983,6,22
23/06/1983,1779755.28,278086.8,1983,6,23
24/06/1983,937708.57,556173.5,1983,6,24
29/06/1983,1112347.05,184649.6,1983,6,29
03/07/1983,3559510.57,166852.1,1983,7,3
04/07/1983,808394.88,1085305,1983,7,4
07/07/1983,1971251.39,280946.6,1983,7,7
17/07/1983,1779755.28,667408.2,1983,7,17
18/07/1983,2729699.67,667408.2,1983,7,18
19/07/1983,2022764.18,355477.2,1983,7,19
20/07/1983,1390433.82,350389.3,1983,7,20
20/07/1983,795773.08,663515,1983,7,20
25/07/1983,1916573.97,190211.3,1983,7,25
25/07/1983,1380422.69,324805.3,1983,7,25
09/08/1983,823136.82,333704.1,1983,8,9
16/08/1983,1112347.05,111234.7,1983,8,16
17/08/1983,778642.94,413793.1,1983,8,17
22/08/1983,1290322.58,228031.1,1983,8,22
23/08/1983,1380422.69,263626.3,1983,8,23
25/08/1983,1140857.62,302280.3,1983,8,25
25/08/1983,1223581.76,559510.6,1983,8,25
25/08/1983,4057842.05,3934228,1983,8,25
28/08/1983,1446051.17,339265.9,1983,8,28
30/08/1983,4004449.39,889877.6,1983,8,30
31/08/1983,978865.41,327030,1983,8,31
01/09/1983,2224694.1,889877.6,1983,9,1
03/09/1983,889877.64,2986652,1983,9,3
03/09/1983,1807563.96,1779755,1983,9,3
04/09/1983,1219040.04,218914.3,1983,9,4
09/09/1983,556173.53,602460.5,1983,9,9
13/09/1983,1490545.05,3100111,1983,9,13
16/09/1983,5561735.26,5401557,1983,9,16
16/09/1983,2338153.5,723025.6,1983,9,16
17/09/1983,1012235.82,290322.6,1983,9,17
18/09/1983,1779755.28,276974.4,1983,9,18
18/09/1983,1033951.06,457815.4,1983,9,18
19/09/1983,4020022.25,2896532,1983,9,19
21/09/1983,1454062.29,150166.9,1983,9,21
29/09/1983,667408.23,2780868,1983,9,29
01/10/1983,1697675.19,278086.8,1983,10,1
02/10/1983,1334816.46,477196.9,1983,10,2
03/10/1983,1668520.58,333704.1,1983,10,3
03/10/1983,2341576.2,2402754,1983,10,3
05/10/1983,3003337.04,1001112,1983,10,5
11/10/1983,2224694.1,333704.1,1983,10,11
22/10/1983,60845.38,1131813,1983,10,22
24/10/1983,2002224.69,778642.9,1983,10,24
27/10/1983,1001112.35,311457.2,1983,10,27
01/11/1983,3559510.57,1779755,1983,11,1
13/11/1983,7230255.84,6117909,1983,11,13
15/11/1983,5658509.45,5773081,1983,11,15
16/11/1983,2669632.93,1311457,1983,11,16
23/11/1983,646829.81,2108206,1983,11,23
25/11/1983,778642.94,333704.1,1983,11,25
28/11/1983,889877.64,556173.5,1983,11,28
30/11/1983,1446051.17,627063.4,1983,11,30
15/12/1983,1056729.7,556173.5,1983,12,15
17/12/1983,1012235.82,112347.1,1983,12,17
19/12/1983,656284.76,472747.5,1983,12,19
20/12/1983,1779755.28,556173.5,1983,12,20
23/12/1983,1112347.05,611790.9,1983,12,23
24/12/1983,6674082.31,4449388,1983,12,24
25/12/1983,1112347.05,556173.5,1983,12,25
27/12/1983,1590656.28,133481.6,1983,12,27
30/12/1983,945494.99,556173.5,1983,12,30
01/01/1984,1204188.48,898534,1984,1,1
01/01/1984,837696.34,209424.1,1984,1,1
02/01/1984,1058869.11,314136.1,1984,1,2
04/01/1984,1329842.93,31413.61,1984,1,4
10/01/1984,2414410.47,126701.6,1984,1,10
31/01/1984,942408.38,202094.2,1984,1,31
07/02/1984,1973821.99,257591.6,1984,2,7
25/02/1984,1675392.67,732984.3,1984,2,25
28/02/1984,1052984.29,599193.7,1984,2,28
06/03/1984,805551.83,245224.1,1984,3,6
06/03/1984,2617801.05,83769.63,1984,3,6
06/03/1984,2198952.88,345549.7,1984,3,6
07/03/1984,1780104.71,575916.2,1984,3,7
08/03/1984,1256544.5,418848.2,1984,3,8
12/03/1984,732984.29,3141361,1984,3,12
15/03/1984,879581.15,890052.4,1984,3,15
17/03/1984,659685.86,458638.7,1984,3,17
17/03/1984,1727748.69,481675.4,1984,3,17
19/03/1984,830366.49,268062.8,1984,3,19
27/03/1984,2387833.51,575916.2,1984,3,27
28/03/1984,2617801.05,9005236,1984,3,28
28/03/1984,11081675.39,3211518,1984,3,28
03/04/1984,1256544.5,31413.61,1984,4,3
14/04/1984,3151832.46,9424084,1984,4,14
19/04/1984,412565.45,668062.8,1984,4,19
19/04/1984,1282722.51,534031.4,1984,4,19
22/04/1984,4188481.68,1256545,1984,4,22
25/04/1984,833507.85,213403.1,1984,4,25
27/04/1984,1361256.54,575916.2,1984,4,27
30/04/1984,1780104.71,213612.6,1984,4,30
02/05/1984,2094240.84,366492.1,1984,5,2
12/05/1984,1087302.62,340314.1,1984,5,12
12/05/1984,1256544.5,321466,1984,5,12
13/05/1984,2617801.05,1465969,1984,5,13
14/05/1984,1151832.46,900523.6,1984,5,14
20/05/1984,540314.14,628272.3,1984,5,20
20/05/1984,1047120.42,73298.43,1984,5,20
01/06/1984,3455497.38,314136.1,1984,6,1
04/06/1984,1151832.46,52356.02,1984,6,4
08/06/1984,1361256.54,509947.6,1984,6,8
08/06/1984,2094240.84,2303665,1984,6,8
08/06/1984,3350785.34,1256545,1984,6,8
11/06/1984,523560.21,15505120,1984,6,11
19/06/1984,104712.04,15706810,1984,6,19
24/06/1984,1026178.01,230366.5,1984,6,24
01/07/1984,942408.38,209424.1,1984,7,1
05/07/1984,890052.36,183246.1,1984,7,5
09/07/1984,1064158.12,130262.8,1984,7,9
12/07/1984,942408.38,121952.9,1984,7,12
12/07/1984,1255497.38,128795.8,1984,7,12
12/07/1984,732984.29,387434.6,1984,7,12
17/07/1984,1675392.67,118324.6,1984,7,17
23/07/1984,907565.45,699162.3,1984,7,23
27/07/1984,1570680.63,1073298,1984,7,27
01/08/1984,1083769.63,203126.7,1984,8,1
01/08/1984,1308900.52,3141361,1984,8,1
01/08/1984,1047120.42,189528.8,1984,8,1
02/08/1984,1361256.54,597905.8,1984,8,2
04/08/1984,981626.18,209424.1,1984,8,4
05/08/1984,240837.7,633805.2,1984,8,5
07/08/1984,1465968.59,523560.2,1984,8,7
09/08/1984,1033819.9,442915.2,1984,8,9
10/08/1984,2303664.92,418848.2,1984,8,10
11/08/1984,635325.65,399442.9,1984,8,11
17/08/1984,811518.32,795811.5,1984,8,17
20/08/1984,314136.13,890052.4,1984,8,20
20/08/1984,837696.34,235602.1,1984,8,20
20/08/1984,963350.79,136125.7,1984,8,20
21/08/1984,1193717.28,202094.2,1984,8,21
26/08/1984,2408376.96,693033.5,1984,8,26
29/08/1984,1570680.63,1191760,1984,8,29
31/08/1984,731407.33,335078.5,1984,8,31
31/08/1984,837696.34,364861.8,1984,8,31
02/09/1984,929572.77,370680.6,1984,9,2
04/09/1984,1005235.6,314136.1,1984,9,4
05/09/1984,2198952.88,1204188,1984,9,5
09/09/1984,209424.08,968586.4,1984,9,9
10/09/1984,3664921.47,628272.3,1984,9,10
11/09/1984,3141361.26,829319.4,1984,9,11
14/09/1984,1879581.15,340314.1,1984,9,14
15/09/1984,1570680.63,1047120,1984,9,15
18/09/1984,1361256.54,73239.79,1984,9,18
23/09/1984,732984.29,314136.1,1984,9,23
26/09/1984,1455497.38,134548.7,1984,9,26
28/09/1984,10471204.19,6387435,1984,9,28
03/10/1984,1495800,334048.2,1984,10,3
04/10/1984,1570680.63,418848.2,1984,10,4
06/10/1984,1884816.75,942408.4,1984,10,6
10/10/1984,1308900.52,324607.3,1984,10,10
24/10/1984,16753926.7,2094241,1984,10,24
28/10/1984,759162.3,366492.1,1984,10,28
29/10/1984,4317744.5,568985.3,1984,10,29
01/11/1984,1151832.46,52356.02,1984,11,1
02/11/1984,1154871.2,10471.2,1984,11,2
04/11/1984,209424.08,942408.4,1984,11,4
07/11/1984,1861780.1,1183246,1984,11,7
07/11/1984,4397905.76,2837696,1984,11,7
10/11/1984,2722513.09,4921466,1984,11,10
13/11/1984,1465968.59,603678.5,1984,11,13
14/11/1984,1047120.42,1884817,1984,11,14
15/11/1984,942408.38,345549.7,1984,11,15
17/11/1984,942408.38,333206.3,1984,11,17
23/11/1984,1989528.8,680628.3,1984,11,23
03/12/1984,942408.38,261780.1,1984,12,3
10/12/1984,3664921.47,3874346,1984,12,10
11/12/1984,837696.34,261780.1,1984,12,11
12/12/1984,628272.25,732984.3,1984,12,12
13/12/1984,2617801.05,52356.02,1984,12,13
17/12/1984,104712.04,1047120,1984,12,17
19/12/1984,1780104.71,2094241,1984,12,19
22/12/1984,3979057.59,1047120,1984,12,22
29/12/1984,1832460.73,2408377,1984,12,29
31/12/1984,837696.34,314136.1,1984,12,31
03/01/1985,1050000,201000,1985,1,3
04/01/1985,650000,380000,1985,1,4
05/01/1985,900000,150000,1985,1,5
05/01/1985,1500000,400000,1985,1,5
06/01/1985,1500000,181750,1985,1,6
07/01/1985,705000,302000,1985,1,7
07/01/1985,850000,175000,1985,1,7
08/01/1985,893929,113345,1985,1,8
11/01/1985,1956566,506571,1985,1,11
11/01/1985,3050000,800000,1985,1,11
11/01/1985,900000,130000,1985,1,11
12/01/1985,750000,570000,1985,1,12
13/01/1985,900000,160000,1985,1,13
14/01/1985,1340000,47000,1985,1,14
16/01/1985,700000,370000,1985,1,16
17/01/1985,725000,1391823,1985,1,17
20/01/1985,1422949,365464,1985,1,20
22/01/1985,132562,962934,1985,1,22
24/01/1985,2993574,1034500,1985,1,24
25/01/1985,1191000,1992000,1985,1,25
28/01/1985,1750000,993000,1985,1,28
30/01/1985,600000,1700000,1985,1,30
08/02/1985,900000,100000,1985,2,8
10/02/1985,750000,1100000,1985,2,10
11/02/1985,850000,386535,1985,2,11
12/02/1985,1500000,291000,1985,2,12
15/02/1985,2260000,519000,1985,2,15
16/02/1985,7400000,9437567,1985,2,16
17/02/1985,1020000,375000,1985,2,17
17/02/1985,800100,205000,1985,2,17
20/02/1985,950000,15350000,1985,2,20
21/02/1985,717990,331883,1985,2,21
23/02/1985,1120000,633542,1985,2,23
25/02/1985,1800000,4343355,1985,2,25
03/03/1985,1570000,369000,1985,3,3
04/03/1985,4000000,32500000,1985,3,4
11/03/1985,2000000,1400000,1985,3,11
17/03/1985,4800000,1400000,1985,3,17
20/03/1985,670000,1000000,1985,3,20
23/03/1985,705000,750000,1985,3,23
27/03/1985,900000,150000,1985,3,27
28/03/1985,985000,345000,1985,3,28
28/03/1985,2874285,1226835,1985,3,28
11/04/1985,600000,794239,1985,4,11
12/04/1985,3600000,516228,1985,4,12
14/04/1985,500000,3200000,1985,4,14
21/04/1985,600000,700000,1985,4,21
24/04/1985,3500000,3585000,1985,4,24
26/04/1985,216000,924054,1985,4,26
27/04/1985,2963000,2703594,1985,4,27
28/04/1985,500000,750000,1985,4,28
28/04/1985,800000,400000,1985,4,28
02/05/1985,2400000,280000,1985,5,2
02/05/1985,740000,260000,1985,5,2
05/05/1985,775000,600000,1985,5,5
06/05/1985,900000,350000,1985,5,6
07/05/1985,2200000,1030000,1985,5,7
09/05/1985,950000,405100,1985,5,9
14/05/1985,1783000,500000,1985,5,14
15/05/1985,750000,1600000,1985,5,15
26/05/1985,2800000,350000,1985,5,26
27/05/1985,1900000,450000,1985,5,27
29/05/1985,2350000,540000,1985,5,29
31/05/1985,1200000,1600000,1985,5,31
01/06/1985,980000,280000,1985,6,1
02/06/1985,900000,200000,1985,6,2
06/06/1985,500000,658759,1985,6,6
10/06/1985,500000,1700000,1985,6,10
11/06/1985,1050000,20000,1985,6,11
12/06/1985,6800000,2400000,1985,6,12
15/06/1985,800000,850000,1985,6,15
16/06/1985,2400000,9825000,1985,6,16
18/06/1985,1300000,100000,1985,6,18
19/06/1985,4500000,8739000,1985,6,19
22/06/1985,950000,135000,1985,6,22
22/06/1985,850000,200000,1985,6,22
27/06/1985,1350000,1300000,1985,6,27
27/06/1985,1300000,423000,1985,6,27
28/06/1985,3000000,2200000,1985,6,28
28/06/1985,1225000,600000,1985,6,28
02/07/1985,900000,100000,1985,7,2
02/07/1985,600000,1300000,1985,7,2
06/07/1985,970000,307400,1985,7,6
06/07/1985,650000,545000,1985,7,6
13/07/1985,1400000,175000,1985,7,13
15/07/1985,2165042,1100000,1985,7,15
15/07/1985,900000,300000,1985,7,15
16/07/1985,2015000,218000,1985,7,16
02/08/1985,760000,2000000,1985,8,2
03/08/1985,940000,225000,1985,8,3
04/08/1985,1345000,27000,1985,8,4
06/08/1985,50000,1200000,1985,8,6
06/08/1985,1300000,400000,1985,8,6
14/08/1985,700000,400000,1985,8,14
19/08/1985,820000,421012,1985,8,19
19/08/1985,760000,245000,1985,8,19
20/08/1985,1000000,2250000,1985,8,20
21/08/1985,960000,90000,1985,8,21
23/08/1985,41213000,15620000,1985,8,23
24/08/1985,910000,142000,1985,8,24
24/08/1985,925000,193000,1985,8,24
25/08/1985,1800000,570000,1985,8,25
28/08/1985,964900,110000,1985,8,28
31/08/1985,5000000,850000,1985,8,31
02/09/1985,2000000,10000000,1985,9,2
04/09/1985,100000,1230000,1985,9,4
07/09/1985,1000000,700000,1985,9,7
08/09/1985,1213000,4434000,1985,9,8
11/09/1985,1000000,50000,1985,9,11
12/09/1985,861058,295000,1985,9,12
13/09/1985,2600000,652150,1985,9,13
15/09/1985,3000000,10500000,1985,9,15
19/09/1985,915000,286500,1985,9,19
19/09/1985,1400000,250000,1985,9,19
23/09/1985,1010000,154600,1985,9,23
25/09/1985,892000,425000,1985,9,25
25/09/1985,3900000,50000,1985,9,25
29/09/1985,5000000,1200000,1985,9,29
02/10/1985,960000,200000,1985,10,2
06/10/1985,800000,260000,1985,10,6
10/10/1985,1134699,356588,1985,10,10
11/10/1985,1661813,320000,1985,10,11
12/10/1985,2800000,314360,1985,10,12
12/10/1985,2250000,1800000,1985,10,12
13/10/1985,600000,400000,1985,10,13
17/10/1985,5600000,13800000,1985,10,17
18/10/1985,1050000,82000,1985,10,18
19/10/1985,2000000,20000,1985,10,19
22/10/1985,1900000,1400000,1985,10,22
25/10/1985,1230000,6000000,1985,10,25
26/10/1985,750000,1100000,1985,10,26
30/10/1985,1000000,1500000,1985,10,30
05/11/1985,1500000,53000,1985,11,5
06/11/1985,950000,104000,1985,11,6
10/11/1985,500000,500000,1985,11,10
13/11/1985,1310000,5400000,1985,11,13
16/11/1985,500000,1000000,1985,11,16
19/11/1985,900000,155000,1985,11,19
27/11/1985,1136000,116000,1985,11,27
29/11/1985,200000,1100000,1985,11,29
04/12/1985,1100000,172078,1985,12,4
06/12/1985,800000,200000,1985,12,6
08/12/1985,1300000,550000,1985,12,8
10/12/1985,1020000,160000,1985,12,10
11/12/1985,501000,542000,1985,12,11
11/12/1985,900000,100000,1985,12,11
11/12/1985,600000,1000000,1985,12,11
11/12/1985,1000000,4500000,1985,12,11
16/12/1985,1300000,500000,1985,12,16
20/12/1985,400000,1250000,1985,12,20
02/01/1986,771456.12,689488.9,1986,1,2
04/01/1986,1184956.61,291514,1986,1,4
05/01/1986,1350048.22,2892960,1986,1,5
07/01/1986,3375120.54,308582.4,1986,1,7
13/01/1986,867888.14,192864,1986,1,13
13/01/1986,241080.04,1157184,1986,1,13
14/01/1986,723240.12,578592.1,1986,1,14
16/01/1986,1398264.22,43587.27,1986,1,16
16/01/1986,675024.11,964320.2,1986,1,16
19/01/1986,848601.74,202025.1,1986,1,19
21/01/1986,1060752.17,694310.5,1986,1,21
24/01/1986,2314368.37,2169720,1986,1,24
27/01/1986,1287367.41,390549.7,1986,1,27
27/01/1986,771456.12,289296,1986,1,27
30/01/1986,848601.74,151398.3,1986,1,30
31/01/1986,2314368.37,768563.2,1986,1,31
01/02/1986,891996.14,385728.1,1986,2,1
04/02/1986,1060752.17,146576.7,1986,2,4
04/02/1986,964320.15,964320.2,1986,2,4
05/02/1986,771456.12,231436.8,1986,2,5
05/02/1986,771456.12,318225.7,1986,2,5
07/02/1986,1459320.15,298809.1,1986,2,7
12/02/1986,1253616.2,337512.1,1986,2,12
12/02/1986,385728.06,433944.1,1986,2,12
13/02/1986,617164.9,359026,1986,2,13
15/02/1986,907946.96,319049.2,1986,2,15
16/02/1986,1104146.58,964320.2,1986,2,16
16/02/1986,2121504.34,836065.6,1986,2,16
18/02/1986,964320.15,5834137,1986,2,18
21/02/1986,462873.67,501446.5,1986,2,21
28/02/1986,940212.15,289296,1986,2,28
28/02/1986,1446480.23,289296,1986,2,28
28/02/1986,2410622.95,412793.6,1986,2,28
03/03/1986,1440829.32,192887.2,1986,3,3
04/03/1986,964320.15,96432.02,1986,3,4
05/03/1986,1153230.47,588235.3,1986,3,5
07/03/1986,2410800.39,482160.1,1986,3,7
08/03/1986,4339440.69,7714561,1986,3,8
09/03/1986,2121504.34,289296,1986,3,9
10/03/1986,1446480.23,111861.1,1986,3,10
19/03/1986,771456.12,2410800,1986,3,19
19/03/1986,1350530.38,550133.1,1986,3,19
19/03/1986,482160.08,1350048,1986,3,19
23/03/1986,2700096.43,506268.1,1986,3,23
30/03/1986,916104.15,144648,1986,3,30
02/04/1986,482160.08,675024.1,1986,4,2
02/04/1986,1832208.29,2410800,1986,4,2
02/04/1986,2700096.43,482160.1,1986,4,2
03/04/1986,1494696.24,164532.3,1986,4,3
03/04/1986,385728.06,2121504,1986,4,3
07/04/1986,192864.03,588235.3,1986,4,7
07/04/1986,2941176.47,13500480,1986,4,7
08/04/1986,848601.74,234329.8,1986,4,8
10/04/1986,2796528.45,583423.3,1986,4,10
10/04/1986,988428.16,192864,1986,4,10
10/04/1986,12150433.94,7232401,1986,4,10
11/04/1986,3375120.54,1446480,1986,4,11
11/04/1986,955641.27,192864,1986,4,11
16/04/1986,771456.12,675024.1,1986,4,16
17/04/1986,1253616.2,313404.1,1986,4,17
18/04/1986,1157184.19,96432.02,1986,4,18
19/04/1986,964320.15,482160.1,1986,4,19
22/04/1986,1446480.23,385728.1,1986,4,22
24/04/1986,482160.08,1157184,1986,4,24
26/04/1986,964320.15,313404.1,1986,4,26
27/04/1986,1215334.62,1228255,1986,4,27
30/04/1986,2892960.46,241080,1986,4,30
02/05/1986,800385.73,2892960,1986,5,2
03/05/1986,2892907.43,298939.2,1986,5,3
05/05/1986,896817.74,270009.6,1986,5,5
06/05/1986,1052073.29,74252.65,1986,5,6
07/05/1986,1157184.19,163934.4,1986,5,7
12/05/1986,1253616.2,482160.1,1986,5,12
12/05/1986,964320.15,8678881,1986,5,12
13/05/1986,983606.56,337512.1,1986,5,13
16/05/1986,1928640.31,2892960,1986,5,16
21/05/1986,1350048.22,482160.1,1986,5,21
21/05/1986,1301832.21,87147.54,1986,5,21
22/05/1986,1108968.18,96432.02,1986,5,22
28/05/1986,1446480.23,263591.1,1986,5,28
01/06/1986,846636.45,241011.6,1986,6,1
06/06/1986,1157184.19,385728.1,1986,6,6
10/06/1986,723240.12,1446480,1986,6,10
14/06/1986,2025072.32,3375121,1986,6,14
20/06/1986,3375120.54,2410800,1986,6,20
22/06/1986,771456.12,578592.1,1986,6,22
26/06/1986,2892960.46,11571840,1986,6,26
29/06/1986,530376.08,1060752,1986,6,29
30/06/1986,1060752.17,867888.1,1986,6,30
30/06/1986,1350048.22,96432.02,1986,6,30
30/06/1986,1542912.25,135004.8,1986,6,30
01/07/1986,743461.91,267536.2,1986,7,1
01/07/1986,1639344.26,1205400,1986,7,1
04/07/1986,1023143.68,127290.3,1986,7,4
05/07/1986,578592.09,1928640,1986,7,5
06/07/1986,1928640.31,964320.2,1986,7,6
08/07/1986,1808100.29,289296,1986,7,8
11/07/1986,1950819.67,122179.4,1986,7,11
15/07/1986,1383799.42,347010.6,1986,7,15
17/07/1986,578592.09,543500.5,1986,7,17
18/07/1986,1128254.58,385728.1,1986,7,18
20/07/1986,1060752.17,636451.3,1986,7,20
22/07/1986,4532304.73,1253616,1986,7,22
22/07/1986,867888.14,163934.4,1986,7,22
30/07/1986,482160.08,964320.2,1986,7,30
01/08/1986,740597.88,379942.1,1986,8,1
03/08/1986,1136933.46,66441.66,1986,8,3
04/08/1986,4146576.66,1446480,1986,8,4
04/08/1986,1220829.32,212150.4,1986,8,4
04/08/1986,1099324.98,63741.56,1986,8,4
05/08/1986,1147540.98,251687.6,1986,8,5
07/08/1986,983606.56,96594.99,1986,8,7
13/08/1986,1175722.28,62512.05,1986,8,13
16/08/1986,964320.15,578592.1,1986,8,16
16/08/1986,675024.11,1446480,1986,8,16
17/08/1986,1157184.19,385728.1,1986,8,17
18/08/1986,771456.12,482160.1,1986,8,18
22/08/1986,1301832.21,28929.6,1986,8,22
02/09/1986,1446480.23,578592.1,1986,9,2
03/09/1986,2410800.39,6268081,1986,9,3
07/09/1986,1639344.26,578592.1,1986,9,7
07/09/1986,1157184.19,144648,1986,9,7
09/09/1986,1432015.43,146094.5,1986,9,9
10/09/1986,838958.53,167999,1986,9,10
12/09/1986,6460945.03,1639344,1986,9,12
13/09/1986,964320.15,38572.81,1986,9,13
13/09/1986,964320.15,144648,1986,9,13
16/09/1986,8534233.37,1735776,1986,9,16
17/09/1986,1129841.85,141553.5,1986,9,17
17/09/1986,2314368.37,578592.1,1986,9,17
18/09/1986,2700096.43,428163.9,1986,9,18
20/09/1986,1928640.31,964320.2,1986,9,20
22/09/1986,892960.46,228543.9,1986,9,22
24/09/1986,1446480.23,250723.2,1986,9,24
25/09/1986,863066.54,162198.6,1986,9,25
26/09/1986,10125361.62,3567985,1986,9,26
27/09/1986,2217936.35,385728.1,1986,9,27
28/09/1986,891031.82,362584.4,1986,9,28
30/09/1986,1253616.2,241080,1986,9,30
03/10/1986,964320.15,641272.9,1986,10,3
03/10/1986,1281581.49,399228.5,1986,10,3
03/10/1986,1855351.98,495660.6,1986,10,3
06/10/1986,1928640.31,385728.1,1986,10,6
06/10/1986,771456.12,482160.1,1986,10,6
15/10/1986,964320.15,1542912,1986,10,15
16/10/1986,2177434.91,479884.3,1986,10,16
17/10/1986,1697203.47,271938.3,1986,10,17
23/10/1986,1446480.23,3375121,1986,10,23
26/10/1986,2071359.69,1766635,1986,10,26
26/10/1986,1060752.17,144648,1986,10,26
28/10/1986,819672.13,337512.1,1986,10,28
29/10/1986,1639344.26,289296,1986,10,29
30/10/1986,1928640.31,313404.1,1986,10,30
30/10/1986,1108968.18,77145.61,1986,10,30
31/10/1986,1446480.23,482160.1,1986,10,31
03/11/1986,48216.01,1041466,1986,11,3
03/11/1986,912246.87,125361.6,1986,11,3
04/11/1986,578592.09,675024.1,1986,11,4
06/11/1986,1928640.31,233847.6,1986,11,6
07/11/1986,4146576.66,476070.4,1986,11,7
08/11/1986,1253616.2,289296,1986,11,8
09/11/1986,858244.94,130183.2,1986,11,9
24/11/1986,964320.15,1735776,1986,11,24
24/11/1986,964320.15,482160.1,1986,11,24
26/11/1986,1446480.23,482160.1,1986,11,26
02/12/1986,964320.15,3134041,1986,12,2
03/12/1986,1687560.27,192864,1986,12,3
04/12/1986,482160.08,1928640,1986,12,4
04/12/1986,144648.02,867888.1,1986,12,4
13/12/1986,887174.54,241080,1986,12,13
18/12/1986,530376.08,472516.9,1986,12,18
22/12/1986,1157184.19,575699.1,1986,12,22
23/12/1986,1253616.2,355110.9,1986,12,23
24/12/1986,930568.95,120540,1986,12,24
25/12/1986,11089681.77,3567985,1986,12,25
28/12/1986,96432.02,3278689,1986,12,28
29/12/1986,1253616.2,355110.9,1986,12,29
30/12/1986,1253616.2,4243009,1986,12,30
01/01/1987,775510.2,247680.9,1987,1,1
01/01/1987,1174397.03,129870.1,1987,1,1
02/01/1987,834879.41,231910.9,1987,1,2
05/01/1987,1484230.06,324675.3,1987,1,5
07/01/1987,463821.89,2782931,1987,1,7
08/01/1987,797773.65,608534.3,1987,1,8
09/01/1987,635435.99,1855288,1987,1,9
09/01/1987,593692.02,417439.7,1987,1,9
09/01/1987,1948051.95,791280.1,1987,1,9
10/01/1987,2472170.69,393321,1987,1,10
11/01/1987,1141929.5,278293.1,1987,1,11
11/01/1987,1819109.46,414656.8,1987,1,11
11/01/1987,1339517.63,58441.56,1987,1,11
11/01/1987,1391465.68,927643.8,1987,1,11
11/01/1987,2110389.61,602968.5,1987,1,11
13/01/1987,1437847.87,208719.9,1987,1,13
14/01/1987,2782931.35,64935.06,1987,1,14
16/01/1987,1020408.16,463821.9,1987,1,16
17/01/1987,927643.78,185528.8,1987,1,17
18/01/1987,1018552.88,130797.8,1987,1,18
19/01/1987,2458256.03,679962.9,1987,1,19
19/01/1987,3246753.25,463821.9,1987,1,19
21/01/1987,1960111.32,408163.3,1987,1,21
22/01/1987,881261.6,140074.2,1987,1,22
24/01/1987,1623376.62,1113173,1987,1,24
24/01/1987,463821.89,13543600,1987,1,24
25/01/1987,1113172.54,278293.1,1987,1,25
30/01/1987,1669758.81,483302.4,1987,1,30
02/02/1987,742115.03,324675.3,1987,2,2
06/02/1987,1113172.54,67718,1987,2,6
09/02/1987,515769.94,3871985,1987,2,9
09/02/1987,834879.41,222634.5,1987,2,9
10/02/1987,3339517.63,602968.5,1987,2,10
11/02/1987,809833.02,195732.8,1987,2,11
12/02/1987,1051020.41,451762.5,1987,2,12
15/02/1987,1669758.81,2417440,1987,2,15
16/02/1987,2319109.46,788497.2,1987,2,16
18/02/1987,1762523.19,491651.2,1987,2,18
19/02/1987,1345083.49,412801.5,1987,2,19
21/02/1987,1053803.34,159554.7,1987,2,21
22/02/1987,1113172.54,139146.6,1987,2,22
25/02/1987,698515.77,3066790,1987,2,25
27/02/1987,1855287.57,371057.5,1987,2,27
02/03/1987,1855287.57,250463.8,1987,3,2
02/03/1987,53803.34,351577,1987,3,2
05/03/1987,2189239.33,938775.5,1987,3,5
08/03/1987,1168831.17,482374.8,1987,3,8
08/03/1987,1595547.31,927643.8,1987,3,8
11/03/1987,649350.65,927643.8,1987,3,11
12/03/1987,927643.78,800556.6,1987,3,12
20/03/1987,1762523.19,92764.38,1987,3,20
28/03/1987,1205936.92,927643.8,1987,3,28
29/03/1987,742115.03,556586.3,1987,3,29
30/03/1987,2504638.22,208719.9,1987,3,30
30/03/1987,794990.72,461966.6,1987,3,30
01/04/1987,919294.99,186456.4,1987,4,1
01/04/1987,1855287.57,1576994,1987,4,1
04/04/1987,927643.78,352504.6,1987,4,4
05/04/1987,3246753.25,3339518,1987,4,5
06/04/1987,1020408.16,64935.06,1987,4,6
06/04/1987,1252319.11,326530.6,1987,4,6
17/04/1987,927643.78,294063.1,1987,4,17
17/04/1987,1142857.14,92764.38,1987,4,17
24/04/1987,4174397.03,649350.6,1987,4,24
24/04/1987,1498144.71,927643.8,1987,4,24
26/04/1987,1247680.89,371057.5,1987,4,26
27/04/1987,1391465.68,102040.8,1987,4,27
30/04/1987,1030612.24,93692.02,1987,4,30
06/05/1987,834879.41,788497.2,1987,5,6
06/05/1987,1391465.68,371057.5,1987,5,6
14/05/1987,811688.31,115955.5,1987,5,14
14/05/1987,3710575.14,7421150,1987,5,14
22/05/1987,1113172.54,742115,1987,5,22
23/05/1987,2319109.46,10204080,1987,5,23
28/05/1987,1762523.19,3988868,1987,5,28
29/05/1987,1391465.68,4359926,1987,5,29
01/06/1987,3246753.25,927643.8,1987,6,1
03/06/1987,1855287.57,2319109,1987,6,3
03/06/1987,3246753.25,533395.2,1987,6,3
08/06/1987,556586.27,2782931,1987,6,8
10/06/1987,1113172.54,240259.7,1987,6,10
11/06/1987,1391465.68,231910.9,1987,6,11
14/06/1987,1020408.16,33395.18,1987,6,14
16/06/1987,1113172.54,278293.1,1987,6,16
25/06/1987,1113172.54,474953.6,1987,6,25
01/07/1987,1113172.54,204081.6,1987,7,1
06/07/1987,1437847.87,2968460,1987,7,6
12/07/1987,1113172.54,157699.4,1987,7,12
15/07/1987,1799628.94,598330.2,1987,7,15
19/07/1987,950834.88,118738.4,1987,7,19
28/07/1987,2319109.46,556586.3,1987,7,28
30/07/1987,649350.65,371057.5,1987,7,30
30/07/1987,649350.65,463821.9,1987,7,30
04/08/1987,185528.76,1630798,1987,8,4
06/08/1987,640074.21,461966.6,1987,8,6
07/08/1987,1103896.1,278293.1,1987,8,7
17/08/1987,3710575.14,16402600,1987,8,17
18/08/1987,5565862.71,10667900,1987,8,18
22/08/1987,1391465.68,1113173,1987,8,22
24/08/1987,2226345.08,834879.4,1987,8,24
25/08/1987,160482.37,904452.7,1987,8,25
02/09/1987,742115.03,208719.9,1987,9,2
06/09/1987,1181818.18,131725.4,1987,9,6
09/09/1987,927643.78,148423,1987,9,9
12/09/1987,1298701.3,213358.1,1987,9,12
15/09/1987,1307977.74,358998.1,1987,9,15
15/09/1987,15213358.07,1669759,1987,9,15
18/09/1987,788497.22,1113173,1987,9,18
18/09/1987,1029684.6,419295,1987,9,18
19/09/1987,1270871.99,218923.9,1987,9,19
19/09/1987,649350.65,371057.5,1987,9,19
21/09/1987,1205936.92,373840.4,1987,9,21
22/09/1987,92764.38,1113173,1987,9,22
24/09/1987,264378.48,1205937,1987,9,24
27/09/1987,927643.78,278293.1,1987,9,27
28/09/1987,185528.76,834879.4,1987,9,28
30/09/1987,807050.09,417439.7,1987,9,30
03/10/1987,839517.63,118738.4,1987,10,3
03/10/1987,4174397.03,3617811,1987,10,3
03/10/1987,1317254.17,32467.53,1987,10,3
05/10/1987,23191094.62,4638219,1987,10,5
05/10/1987,927643.78,3246753,1987,10,5
06/10/1987,3116883.12,2782931,1987,10,6
08/10/1987,811688.31,194805.2,1987,10,8
11/10/1987,23191.09,1484230,1987,10,11
11/10/1987,927643.78,278293.1,1987,10,11
14/10/1987,927643.78,1391466,1987,10,14
16/10/1987,1020408.16,2319109,1987,10,16
18/10/1987,452690.17,1920223,1987,10,18
19/10/1987,921150.28,175324.7,1987,10,19
20/10/1987,538033.4,423005.6,1987,10,20
22/10/1987,927643.78,324675.3,1987,10,22
24/10/1987,2003710.58,1646568,1987,10,24
25/10/1987,927643.78,463821.9,1987,10,25
27/10/1987,3988868.27,2319109,1987,10,27
30/10/1987,6679035.25,2782931,1987,10,30
30/10/1987,1576994.43,1298701,1987,10,30
31/10/1987,983302.41,649350.6,1987,10,31
01/11/1987,3089053.8,384972.2,1987,11,1
01/11/1987,4823747.68,2782931,1987,11,1
05/11/1987,1113172.54,2782931,1987,11,5
06/11/1987,837662.34,287569.6,1987,11,6
07/11/1987,8812615.96,2504638,1987,11,7
08/11/1987,2319109.46,386827.5,1987,11,8
11/11/1987,491651.21,1623377,1987,11,11
15/11/1987,1113172.54,314471.2,1987,11,15
18/11/1987,1391465.68,1484230,1987,11,18
29/11/1987,1391465.68,343228.2,1987,11,29
02/12/1987,1020408.16,742115,1987,12,2
02/12/1987,974025.97,315398.9,1987,12,2
06/12/1987,834879.41,355287.6,1987,12,6
07/12/1987,1020408.16,4174397,1987,12,7
09/12/1987,1985157.7,1948052,1987,12,9
09/12/1987,2922077.92,2040816,1987,12,9
12/12/1987,1113172.54,1298701,1987,12,12
12/12/1987,919294.99,155844.2,1987,12,12
13/12/1987,4174397.03,1920223,1987,12,13
13/12/1987,1716141,354359.9,1987,12,13
14/12/1987,1113172.54,1298701,1987,12,14
17/12/1987,2782931.35,111317.3,1987,12,17
17/12/1987,834879.41,231910.9,1987,12,17
19/12/1987,927643.78,185528.8,1987,12,19
19/12/1987,371057.51,927643.8,1987,12,19
20/12/1987,788497.22,259740.3,1987,12,20
23/12/1987,602968.46,324675.3,1987,12,23
29/12/1987,788497.22,556586.3,1987,12,29
31/12/1987,1298701.3,371057.5,1987,12,31
01/01/1988,1184560.78,433895.3,1988,1,1
01/01/1988,752440.11,275066.5,1988,1,1
03/01/1988,2218278.62,10647740,1988,1,3
15/01/1988,1330967.17,887311.4,1988,1,15
19/01/1988,1200532.39,719609.6,1988,1,19
21/01/1988,266193.43,621118,1988,1,21
23/01/1988,395740.91,2560781,1988,1,23
23/01/1988,1685891.75,112688.6,1988,1,23
23/01/1988,1020408.16,532386.9,1988,1,23
25/01/1988,798580.3,443655.7,1988,1,25
26/01/1988,1747116.24,140195.2,1988,1,26
30/01/1988,976042.59,354924.6,1988,1,30
01/02/1988,1135758.65,3549246,1988,2,1
06/02/1988,2218278.62,1043478,1988,2,6
09/02/1988,1034605.15,132209.4,1988,2,9
10/02/1988,2484472.05,36379.77,1988,2,10
11/02/1988,931677.02,362023.1,1988,2,11
14/02/1988,15527950.31,2896185,1988,2,14
21/02/1988,3105590.06,4880213,1988,2,21
22/02/1988,3311446.32,185448.1,1988,2,22
29/02/1988,2040816.33,4470275,1988,2,29
29/02/1988,1153504.88,106477.4,1988,2,29
02/03/1988,1508429.46,250221.8,1988,3,2
03/03/1988,88731.14,1464064,1988,3,3
07/03/1988,1247559.89,19520.85,1988,3,7
08/03/1988,1863354.04,266193.4,1988,3,8
09/03/1988,1508429.46,1131322,1988,3,9
12/03/1988,488021.3,1064774,1988,3,12
14/03/1988,1023957.41,443655.7,1988,3,14
14/03/1988,1153504.88,1153505,1988,3,14
18/03/1988,1508429.46,399290.2,1988,3,18
19/03/1988,887311.45,354924.6,1988,3,19
21/03/1988,607808.34,603371.8,1988,3,21
25/03/1988,7098491.57,17746230,1988,3,25
06/04/1988,1242236.02,709849.2,1988,4,6
12/04/1988,1574977.82,115350.5,1988,4,12
14/04/1988,1290150.84,248447.2,1988,4,14
20/04/1988,1685891.75,177462.3,1988,4,20
24/04/1988,3105590.06,1394854,1988,4,24
24/04/1988,901508.43,887311.4,1988,4,24
26/04/1988,2218278.62,3726708,1988,4,26
29/04/1988,488021.3,740905.1,1988,4,29
30/04/1988,1109139.31,266193.4,1988,4,30
30/04/1988,1952085.18,354924.6,1988,4,30
08/05/1988,532386.87,1597161,1988,5,8
09/05/1988,4081632.65,623779.9,1988,5,9
09/05/1988,3904170.36,3771074,1988,5,9
12/05/1988,1228926.35,127772.8,1988,5,12
13/05/1988,1597160.6,709849.2,1988,5,13
15/05/1988,1197870.45,177462.3,1988,5,15
16/05/1988,310559.01,621118,1988,5,16
17/05/1988,6042590.95,17746230,1988,5,17
19/05/1988,443655.72,443655.7,1988,5,19
23/05/1988,1064773.74,110913.9,1988,5,23
26/05/1988,1330967.17,6211180,1988,5,26
27/05/1988,1863354.04,227151.7,1988,5,27
29/05/1988,1330967.17,456965.4,1988,5,29
29/05/1988,709849.16,727595.4,1988,5,29
29/05/1988,5767524.4,372670.8,1988,5,29
30/05/1988,1375332.74,241348.7,1988,5,30
31/05/1988,2484472.05,9316770,1988,5,31
01/06/1988,2839396.63,133096.7,1988,6,1
03/06/1988,709849.16,1242236,1988,6,3
03/06/1988,2218278.62,225377.1,1988,6,3
05/06/1988,1597160.6,625554.6,1988,6,5
05/06/1988,6654835.85,17746230,1988,6,5
06/06/1988,3549245.79,177462.3,1988,6,6
13/06/1988,798580.3,177462.3,1988,6,13
16/06/1988,443655.72,3992902,1988,6,16
21/06/1988,221827.86,709849.2,1988,6,21
24/06/1988,1863354.04,532386.9,1988,6,24
24/06/1988,887311.45,4880213,1988,6,24
29/06/1988,709849.16,1597161,1988,6,29
01/07/1988,732919.25,354924.6,1988,7,1
01/07/1988,878438.33,264418.8,1988,7,1
01/07/1988,1445430.35,421472.9,1988,7,1
05/07/1988,812777.28,308784.4,1988,7,5
06/07/1988,5323868.68,665483.6,1988,7,6
08/07/1988,2102928.13,406388.6,1988,7,8
09/07/1988,944986.69,383318.5,1988,7,9
12/07/1988,761313.22,283939.7,1988,7,12
18/07/1988,754214.73,292812.8,1988,7,18
19/07/1988,1419698.31,2661934,1988,7,19
19/07/1988,10692102.93,3105590,1988,7,19
20/07/1988,1774622.89,2661934,1988,7,20
26/07/1988,887311.45,329192.5,1988,7,26
30/07/1988,1774622.89,4436557,1988,7,30
10/08/1988,2330079.86,504880.2,1988,8,10
12/08/1988,34605146.41,9207631,1988,8,12
15/08/1988,195208.52,727595.4,1988,8,15
18/08/1988,976042.59,641526.2,1988,8,18
21/08/1988,905057.68,240461.4,1988,8,21
21/08/1988,1242236.02,133984,1988,8,21
22/08/1988,939662.82,203194.3,1988,8,22
24/08/1988,1863354.04,145519.1,1988,8,24
24/08/1988,887311.45,887311.4,1988,8,24
01/09/1988,5057675.24,1774623,1988,9,1
04/09/1988,536823.43,1724933,1988,9,4
05/09/1988,887311.45,461402,1988,9,5
06/09/1988,3105590.06,6566105,1988,9,6
06/09/1988,266193.43,754214.7,1988,9,6
08/09/1988,976042.59,286601.6,1988,9,8
08/09/1988,399290.15,1508429,1988,9,8
09/09/1988,950310.56,101153.5,1988,9,9
11/09/1988,1330967.17,532386.9,1988,9,11
14/09/1988,310559.01,647737.4,1988,9,14
17/09/1988,1330967.17,310559,1988,9,17
18/09/1988,1330967.17,4436557,1988,9,18
19/09/1988,3549245.79,1330967,1988,9,19
20/09/1988,1677018.63,525288.4,1988,9,20
27/09/1988,1330967.17,310559,1988,9,27
27/09/1988,221827.86,709849.2,1988,9,27
04/10/1988,5545696.54,15971610,1988,10,4
08/10/1988,2573203.19,887311.4,1988,10,8
08/10/1988,1656610.47,553682.3,1988,10,8
17/10/1988,829636.2,220053.2,1988,10,17
20/10/1988,2661934.34,176575,1988,10,20
20/10/1988,2085181.9,354924.6,1988,10,20
23/10/1988,976042.59,621118,1988,10,23
29/10/1988,1330967.17,257320.3,1988,10,29
03/11/1988,3695652.17,798580.3,1988,11,3
05/11/1988,5767524.4,1330967,1988,11,5
05/11/1988,2549245.79,126885.5,1988,11,5
14/11/1988,709849.16,399290.2,1988,11,14
18/11/1988,443655.72,5767524,1988,11,18
19/11/1988,1464063.89,133096.7,1988,11,19
20/11/1988,488021.3,567879.3,1988,11,20
21/11/1988,1712511.09,166814.6,1988,11,21
23/11/1988,88731.14,1313221,1988,11,23
26/11/1988,976042.59,443655.7,1988,11,26
02/12/1988,621118.01,2661934,1988,12,2
05/12/1988,665483.58,423247.6,1988,12,5
08/12/1988,842945.87,1330967,1988,12,8
09/12/1988,1863354.04,976042.6,1988,12,9
14/12/1988,2661934.34,1330967,1988,12,14
15/12/1988,4436557.23,5323869,1988,12,15
17/12/1988,842945.87,266193.4,1988,12,17
17/12/1988,8873114.46,14196980,1988,12,17
18/12/1988,1774622.89,776397.5,1988,12,18
25/12/1988,1330967.17,354924.6,1988,12,25
02/01/1989,1128704.49,712108.4,1989,1,2
03/01/1989,1022861.98,132938.2,1989,1,3
05/01/1989,4911092.29,465707,1989,1,5
09/01/1989,226926.33,1134632,1989,1,9
11/01/1989,677392.04,296359,1989,1,11
11/01/1989,635055.04,368331.9,1989,1,11
14/01/1989,2201524.13,508044,1989,1,14
15/01/1989,1163420.83,51651.14,1989,1,15
15/01/1989,1270110.08,635055,1989,1,15
17/01/1989,423370.03,2540220,1989,1,17
19/01/1989,2540220.15,159187.1,1989,1,19
20/01/1989,4233700.25,16934800,1989,1,20
21/01/1989,550381.03,677392,1989,1,21
24/01/1989,613886.54,436071.1,1989,1,24
24/01/1989,2709568.16,558848.4,1989,1,24
26/01/1989,1270110.08,3132938,1989,1,26
29/01/1989,790855.21,423370,1989,1,29
02/02/1989,1100762.07,244707.9,1989,2,2
02/02/1989,846740.05,1439458,1989,2,2
05/02/1989,1371718.88,190516.5,1989,2,5
06/02/1989,930567.32,190516.5,1989,2,6
13/02/1989,740050.8,274343.8,1989,2,13
14/02/1989,6985605.42,33596950,1989,2,14
14/02/1989,846740.05,846740.1,1989,2,14
15/02/1989,3386960.2,1270110,1989,2,15
18/02/1989,908552.07,207451.3,1989,2,18
23/02/1989,223539.37,1168501,1989,2,23
04/03/1989,3386960.2,11007620,1989,3,4
06/03/1989,198983.91,762066,1989,3,6
07/03/1989,1320914.48,423370,1989,3,7
14/03/1989,618120.24,1947502,1989,3,14
17/03/1989,1693480.1,228619.8,1989,3,17
23/03/1989,8467400.51,9009314,1989,3,23
23/03/1989,1270110.08,598645.2,1989,3,23
24/03/1989,381033.02,1270110,1989,3,24
27/03/1989,7620660.46,1608806,1989,3,27
05/04/1989,1438611.35,336155.8,1989,4,5
06/04/1989,1265876.38,609652.8,1989,4,6
09/04/1989,584250.64,5080440,1989,4,9
14/04/1989,762066.05,3386960,1989,4,14
16/04/1989,1016088.06,267569.9,1989,4,16
21/04/1989,931414.06,423370,1989,4,21
23/04/1989,3810330.23,182895.9,1989,4,23
26/04/1989,1693480.1,8467401,1989,4,26
28/04/1989,2540220.15,146486,1989,4,28
28/04/1989,1182049.11,441998.3,1989,4,28
02/05/1989,508044.03,3556308,1989,5,2
06/05/1989,1270110.08,283657.9,1989,5,6
06/05/1989,1116850.13,359864.5,1989,5,6
07/05/1989,1016088.06,173581.7,1989,5,7
11/05/1989,3048264.18,6072820,1989,5,11
13/05/1989,2540220.15,122777.3,1989,5,13
13/05/1989,812870.45,232853.5,1989,5,13
15/05/1989,2286198.14,1354784,1989,5,15
23/05/1989,1270110.08,1270110,1989,5,23
24/05/1989,846740.05,334462.3,1989,5,24
24/05/1989,1176968.67,388653.7,1989,5,24
24/05/1989,2370872.14,677392,1989,5,24
25/05/1989,2540220.15,425063.5,1989,5,25
25/05/1989,1185436.07,271803.6,1989,5,25
29/05/1989,4233700.25,67739.2,1989,5,29
05/06/1989,275190.52,635055,1989,6,5
08/06/1989,1367485.18,512277.7,1989,6,8
12/06/1989,1524132.09,209991.5,1989,6,12
13/06/1989,719729.04,347163.4,1989,6,13
13/06/1989,2116850.13,4233700,1989,6,13
16/06/1989,846740.05,330228.6,1989,6,16
17/06/1989,3060965.28,423370,1989,6,17
17/06/1989,1705334.46,254022,1989,6,17
23/06/1989,254022.02,1524132,1989,6,23
27/06/1989,660457.24,558848.4,1989,6,27
28/06/1989,3471634.21,2963590,1989,6,28
03/07/1989,1778154.11,254022,1989,7,3
05/07/1989,1348010.16,2743438,1989,7,5
06/07/1989,1185436.07,716342.1,1989,7,6
08/07/1989,3386960.2,1439458,1989,7,8
10/07/1989,1301439.46,717188.8,1989,7,10
10/07/1989,1456392.89,37256.56,1989,7,10
13/07/1989,994919.56,103302.3,1989,7,13
18/07/1989,2794242.17,304826.4,1989,7,18
18/07/1989,1456392.89,157493.6,1989,7,18
20/07/1989,872142.25,423370,1989,7,20
22/07/1989,1693480.1,592718,1989,7,22
23/07/1989,1624047.42,270956.8,1989,7,23
24/07/1989,1947502.12,338696,1989,7,24
25/07/1989,1058425.06,33869.6,1989,7,25
26/07/1989,677392.04,338696,1989,7,26
28/07/1989,3556308.21,296359,1989,7,28
28/07/1989,4233700.25,7493649,1989,7,28
03/08/1989,514817.95,338696,1989,8,3
04/08/1989,5080440.3,8467401,1989,8,4
05/08/1989,1100762.07,254022,1989,8,5
05/08/1989,590177.82,1270110,1989,8,5
07/08/1989,2211685.01,4075360,1989,8,7
08/08/1989,2074513.12,541913.6,1989,8,8
09/08/1989,719729.04,313293.8,1989,8,9
11/08/1989,12701100.76,1312447,1989,8,11
23/08/1989,7408975.44,958509.7,1989,8,23
23/08/1989,423370.03,436071.1,1989,8,23
23/08/1989,372565.62,558848.4,1989,8,23
25/08/1989,762066.05,254022,1989,8,25
26/08/1989,1016088.06,430143.9,1989,8,26
27/08/1989,1117696.87,370025.4,1989,8,27
28/08/1989,2116850.13,1270110,1989,8,28
28/08/1989,2127011.01,150719.7,1989,8,28
29/08/1989,804403.05,237087.2,1989,8,29
30/08/1989,1016088.06,160880.6,1989,8,30
31/08/1989,1058425.06,230313.3,1989,8,31
04/09/1989,423370.03,423370,1989,9,4
04/09/1989,2650296.36,784928,1989,9,4
09/09/1989,931414.06,266723.1,1989,9,9
10/09/1989,1298899.24,1053345,1989,9,10
11/09/1989,812870.45,254022,1989,9,11
11/09/1989,812870.45,254022,1989,9,11
11/09/1989,4995766.3,1185436,1989,9,11
14/09/1989,1282811.18,3640982,1989,9,14
14/09/1989,787468.25,262489.4,1989,9,14
16/09/1989,812870.45,270956.8,1989,9,16
18/09/1989,1312447.08,270956.8,1989,9,18
21/09/1989,643522.44,635055,1989,9,21
25/09/1989,2540220.15,2116850,1989,9,25
25/09/1989,1312447.08,171888.2,1989,9,25
27/09/1989,762066.05,846740.1,1989,9,27
28/09/1989,1270110.08,127011,1989,9,28
29/09/1989,3386960.2,5927180,1989,9,29
01/10/1989,1693480.1,423370,1989,10,1
02/10/1989,1337849.28,302286.2,1989,10,2
07/10/1989,948348.86,88060.97,1989,10,7
20/10/1989,1693480.1,4233700,1989,10,20
22/10/1989,2751905.17,29635900,1989,10,22
23/10/1989,1270110.08,1693480,1989,10,23
24/10/1989,1219305.67,423370,1989,10,24
26/10/1989,846740.05,169348,1989,10,26
10/11/1989,1693480.1,2116850,1989,11,10
11/11/1989,1270110.08,258255.7,1989,11,11
12/11/1989,931414.06,169348,1989,11,12
13/11/1989,783234.55,296359,1989,11,13
14/11/1989,16934801.02,1185436,1989,11,14
15/11/1989,1291278.58,440304.8,1989,11,15
16/11/1989,1693480.1,2116850,1989,11,16
16/11/1989,762066.05,338696,1989,11,16
19/11/1989,1693480.1,25402.2,1989,11,19
20/11/1989,762066.05,254022,1989,11,20
29/11/1989,1693480.1,2116850,1989,11,29
29/11/1989,975444.54,339542.8,1989,11,29
05/12/1989,1270110.08,234547,1989,12,5
06/12/1989,973751.06,168501.3,1989,12,6
08/12/1989,762066.05,338696,1989,12,8
14/12/1989,670618.12,342929.7,1989,12,14
15/12/1989,1572396.27,52497.88,1989,12,15
18/12/1989,1863674.85,508044,1989,12,18
19/12/1989,2032176.12,400508,1989,12,19
22/12/1989,845893.31,169348,1989,12,22
25/12/1989,1270110.08,592718,1989,12,25
29/12/1989,846740.05,237087.2,1989,12,29
30/12/1989,3386960.2,762066,1989,12,30
31/12/1989,846740.05,169348,1989,12,31
31/12/1989,846740.05,330228.6,1989,12,31
01/01/1990,1464521.45,412541.3,1990,1,1
06/01/1990,777227.72,490924.1,1990,1,6
08/01/1990,1113861.39,242574.3,1990,1,8
12/01/1990,763201.32,330033,1990,1,12
13/01/1990,1155115.51,34653.47,1990,1,13
17/01/1990,1080858.09,206270.6,1990,1,17
19/01/1990,1235148.51,330033,1990,1,19
20/01/1990,206270.63,701320.1,1990,1,20
20/01/1990,2062706.27,247524.8,1990,1,20
24/01/1990,825082.51,62706.27,1990,1,24
25/01/1990,2516501.65,88283.83,1990,1,25
26/01/1990,1402640.26,422442.2,1990,1,26
26/01/1990,1320132.01,572607.3,1990,1,26
31/01/1990,3052805.28,127887.8,1990,1,31
05/02/1990,948844.88,268151.8,1990,2,5
07/02/1990,754950.5,1196370,1990,2,7
08/02/1990,2805280.53,825082.5,1990,2,8
09/02/1990,600660.07,425742.6,1990,2,9
11/02/1990,1650165.02,57755.78,1990,2,11
19/02/1990,2457095.71,523927.4,1990,2,19
20/02/1990,452145.21,3211221,1990,2,20
22/02/1990,825082.51,2475248,1990,2,22
27/02/1990,577557.76,453795.4,1990,2,27
27/02/1990,1155115.51,299505,1990,2,27
07/03/1990,1287128.71,320132,1990,3,7
15/03/1990,816831.68,165016.5,1990,3,15
17/03/1990,185643.56,742574.3,1990,3,17
22/03/1990,825082.51,787953.8,1990,3,22
23/03/1990,4719471.95,5288779,1990,3,23
25/03/1990,907590.76,152640.3,1990,3,25
27/03/1990,825082.51,330033,1990,3,27
28/03/1990,907590.76,350660.1,1990,3,28
02/04/1990,181518.15,742574.3,1990,4,2
02/04/1990,1072607.26,36303.63,1990,4,2
03/04/1990,1237623.76,82508.25,1990,4,3
03/04/1990,1320132.01,334983.5,1990,4,3
07/04/1990,754950.5,339934,1990,4,7
08/04/1990,990099.01,1312706,1990,4,8
09/04/1990,730198.02,799505,1990,4,9
11/04/1990,2640264.03,577557.8,1990,4,11
13/04/1990,825082.51,259901,1990,4,13
20/04/1990,592409.24,348184.8,1990,4,20
25/04/1990,2062706.27,10313530,1990,4,25
25/04/1990,1237623.76,509075.9,1990,4,25
30/04/1990,1320132.01,1650165,1990,4,30
01/05/1990,990099.01,31353.14,1990,5,1
03/05/1990,1650165.02,2392739,1990,5,3
03/05/1990,4620462.05,577557.8,1990,5,3
04/05/1990,2310231.02,241749.2,1990,5,4
07/05/1990,907590.76,347359.7,1990,5,7
09/05/1990,1155115.51,165016.5,1990,5,9
18/05/1990,2062706.27,470297,1990,5,18
18/05/1990,2805280.53,431518.2,1990,5,18
22/05/1990,639438.94,569306.9,1990,5,22
25/05/1990,1031353.14,259075.9,1990,5,25
25/05/1990,742574.26,825082.5,1990,5,25
25/05/1990,820132.01,445544.6,1990,5,25
26/05/1990,3712871.29,1280528,1990,5,26
27/05/1990,1196369.64,247524.8,1990,5,27
30/05/1990,907590.76,1196370,1990,5,30
04/06/1990,1155115.51,660066,1990,6,4
06/06/1990,504950.5,990099,1990,6,6
06/06/1990,1031353.14,1011551,1990,6,6
07/06/1990,618811.88,431518.2,1990,6,7
11/06/1990,1072607.26,825082.5,1990,6,11
14/06/1990,701320.13,262376.2,1990,6,14
15/06/1990,990099.01,660066,1990,6,15
15/06/1990,4558580.86,9900990,1990,6,15
15/06/1990,1485148.51,808580.9,1990,6,15
18/06/1990,330033,2887789,1990,6,18
01/07/1990,1169141.91,495049.5,1990,7,1
05/07/1990,1732673.27,165016.5,1990,7,5
05/07/1990,2769801.98,3157591,1990,7,5
09/07/1990,1320132.01,90759.08,1990,7,9
10/07/1990,990099.01,75082.51,1990,7,10
10/07/1990,1732673.27,55280.53,1990,7,10
13/07/1990,1567656.77,412541.3,1990,7,13
15/07/1990,730198.02,338283.8,1990,7,15
15/07/1990,1010726.07,577557.8,1990,7,15
15/07/1990,1097359.74,163366.3,1990,7,15
16/07/1990,433168.32,480198,1990,7,16
17/07/1990,1485148.51,577557.8,1990,7,17
18/07/1990,660066.01,412541.3,1990,7,18
19/07/1990,1732673.27,990099,1990,7,19
20/07/1990,2557755.78,342409.2,1990,7,20
20/07/1990,709570.96,311881.2,1990,7,20
21/07/1990,1072607.26,5775578,1990,7,21
21/07/1990,1113861.39,1237624,1990,7,21
22/07/1990,82508.25,878712.9,1990,7,22
23/07/1990,873762.38,391914.2,1990,7,23
23/07/1990,632838.28,448844.9,1990,7,23
24/07/1990,1443894.39,273927.4,1990,7,24
27/07/1990,907590.76,371287.1,1990,7,27
28/07/1990,1320132.01,825.08,1990,7,28
28/07/1990,958745.87,380363,1990,7,28
28/07/1990,1443894.39,31353.14,1990,7,28
28/07/1990,1206270.63,374587.5,1990,7,28
29/07/1990,2227722.77,3547855,1990,7,29
31/07/1990,10726072.61,2475248,1990,7,31
02/08/1990,582508.25,2264851,1990,8,2
04/08/1990,2079207.92,204620.5,1990,8,4
06/08/1990,858085.81,94059.41,1990,8,6
10/08/1990,812706.27,110561.1,1990,8,10
11/08/1990,825082.51,1237624,1990,8,11
13/08/1990,664191.42,990099,1990,8,13
13/08/1990,1179867.99,198844.9,1990,8,13
14/08/1990,5280528.05,12282180,1990,8,14
14/08/1990,1155115.51,4785479,1990,8,14
14/08/1990,660066.01,2062706,1990,8,14
14/08/1990,2120462.05,295379.5,1990,8,14
15/08/1990,1010726.07,16501.65,1990,8,15
17/08/1990,825082.51,316831.7,1990,8,17
18/08/1990,330033,622937.3,1990,8,18
19/08/1990,1567656.77,161716.2,1990,8,19
20/08/1990,3300330.03,825082.5,1990,8,20
21/08/1990,1237623.76,371287.1,1990,8,21
22/08/1990,103135.31,759075.9,1990,8,22
22/08/1990,792079.21,214521.5,1990,8,22
26/08/1990,701320.13,412541.3,1990,8,26
29/08/1990,990099.01,660066,1990,8,29
29/08/1990,1027227.72,239273.9,1990,8,29
30/08/1990,1047854.79,443894.4,1990,8,30
30/08/1990,3795379.54,288778.9,1990,8,30
31/08/1990,1109735.97,339108.9,1990,8,31
15/09/1990,3712871.29,165016.5,1990,9,15
27/09/1990,841584.16,61881.19,1990,9,27
30/09/1990,825082.51,165016.5,1990,9,30
01/10/1990,433168.32,330033,1990,10,1
01/10/1990,577557.76,2227723,1990,10,1
02/10/1990,2722772.28,412541.3,1990,10,2
03/10/1990,1320132.01,305280.5,1990,10,3
08/10/1990,11695544.55,132013200,1990,10,8
10/10/1990,8910891.09,15181520,1990,10,10
12/10/1990,1980198.02,12293730,1990,10,12
12/10/1990,2062706.27,1402640,1990,10,12
15/10/1990,1320132.01,222772.3,1990,10,15
16/10/1990,3630363.04,990099,1990,10,16
19/10/1990,3300330.03,412541.3,1990,10,19
23/10/1990,783828.38,230198,1990,10,23
29/10/1990,288778.88,825082.5,1990,10,29
07/11/1990,1361386.14,400990.1,1990,11,7
10/11/1990,1443894.39,371287.1,1990,11,10
11/11/1990,165016.5,742574.3,1990,11,11
13/11/1990,1402640.26,1650165,1990,11,13
15/11/1990,2032178.22,334983.5,1990,11,15
23/11/1990,5115511.55,660066,1990,11,23
29/11/1990,107260.73,2475248,1990,11,29
30/11/1990,660066.01,495049.5,1990,11,30
04/12/1990,1006600.66,264026.4,1990,12,4
05/12/1990,1031353.14,429042.9,1990,12,5
08/12/1990,1481848.18,196369.6,1990,12,8
09/12/1990,1237623.76,346534.7,1990,12,9
09/12/1990,1320132.01,198844.9,1990,12,9
10/12/1990,1237623.76,16501650,1990,12,10
14/12/1990,1237623.76,2310231,1990,12,14
15/12/1990,1072607.26,288778.9,1990,12,15
16/12/1990,907590.76,61881.19,1990,12,16
17/12/1990,2310231.02,330033,1990,12,17
19/12/1990,775577.56,247524.8,1990,12,19
20/12/1990,825082.51,206270.6,1990,12,20
21/12/1990,2887788.78,123762.4,1990,12,21
21/12/1990,1072607.26,330033,1990,12,21
22/12/1990,1662541.25,660066,1990,12,22
23/12/1990,825082.51,290429,1990,12,23
27/12/1990,702145.21,412541.3,1990,12,27
30/12/1990,2062706.27,2392739,1990,12,30
31/12/1990,3712871.29,412541.3,1990,12,31