Recorded time,Building Insurance Claim Size,Content Insurance Claim Size,Year,Month
3/1/1980,1098096.63,585651.50,1980,1
4/1/1980,1756954.61,336749.60,1980,1
7/1/1980,1244509.52,3367496.00,1980,1
10/1/1980,4452039.53,4273234.00,1980,1
10/1/1980,2494875.55,3543192.00,1980,1
1/16/1980,775689.60,993117.10,1980,1
1/16/1980,812591.51,673499.30,1980,1
1/19/1980,2371573.94,168374.80,1980,1
1/26/1980,6918008.78,4456808.00,1980,1
1/26/1980,1602306.00,880433.40,1980,1
1/28/1980,18301610.54,7913031.00,1980,1
3/2/1980,1545622.25,456808.20,1980,2
5/2/1980,4392386.53,137628.10,1980,2
7/2/1980,1120988.29,720764.30,1980,2
2/13/1980,10248901.90,3873174.00,1980,2
2/16/1980,3081647.14,2342606.00,1980,2
2/19/1980,2928257.69,8784773.00,1980,2
2/20/1980,959004.39,556369.00,1980,2
2/22/1980,1756954.61,292825.80,1980,2
2/23/1980,3806734.99,8658858.00,1980,2
2/27/1980,512445.10,1171303.00,1980,2
7/3/1980,667749.63,2436483.00,1980,3
3/13/1980,1674612.01,73206.44,1980,3
3/13/1980,73206.44,2342606.00,1980,3
3/17/1980,4392386.53,897863.80,1980,3
3/26/1980,622655.93,1308665.00,1980,3
4/16/1980,732064.42,805270.90,1980,4
1/5/1980,369019.03,1098097.00,1980,5
1/5/1980,1024890.19,1024890.00,1980,5
2/5/1980,1088989.75,839721.80,1980,5
2/5/1980,2124303.07,1138851.00,1980,5
4/5/1980,898975.11,805270.90,1980,5
9/5/1980,1098096.63,2196193.00,1980,5
5/18/1980,5856515.37,1464129.00,1980,5
5/26/1980,9325036.60,4295754.00,1980,5
5/29/1980,732064.42,1024890.00,1980,5
3/6/1980,7320644.22,14641290.00,1980,6
12/6/1980,2306002.93,146412.90,1980,6
6/15/1980,1244509.52,1424597.00,1980,6
6/16/1980,612005.86,1112738.00,1980,6
6/21/1980,1171303.07,790629.60,1980,6
6/30/1980,3806734.99,819912.20,1980,6
4/7/1980,946705.71,2060029.00,1980,7
4/7/1980,1113212.30,4450640.00,1980,7
12/7/1980,1295754.03,382137.60,1980,7
7/14/1980,1156661.79,292825.80,1980,7
7/15/1980,95168374.82,106149300.00,1980,7
7/26/1980,1582723.28,52708.64,1980,7
7/28/1980,1048521.23,1098097.00,1980,7
7/8/1980,4278042.46,1157665.00,1980,8
8/8/1980,2489019.03,434846.30,1980,8
11/8/1980,1036727.67,867877.00,1980,8
8/18/1980,52708.64,1683748.00,1980,8
8/23/1980,1464128.84,253294.30,1980,8
8/27/1980,1451664.71,600292.80,1980,8
8/28/1980,512445.10,1590044.00,1980,8
8/30/1980,146412.88,5270864.00,1980,8
5/9/1980,1756954.61,288433.40,1980,9
8/9/1980,555954.61,2064999.00,1980,9
11/9/1980,1317715.96,270863.80,1980,9
12/9/1980,1334613.47,2928258.00,1980,9
12/9/1980,1243414.35,512445.10,1980,9
9/15/1980,5417276.72,2196193.00,1980,9
9/15/1980,5027672.04,1464129.00,1980,9
9/25/1980,234260.61,1893119.00,1980,9
9/30/1980,439238.65,2342606.00,1980,9
1/10/1980,658857.98,1171303.00,1980,10
6/10/1980,1573131.77,395314.80,1980,10
7/10/1980,1756954.61,485156.70,1980,10
8/10/1980,1325797.95,395314.80,1980,10
12/10/1980,2515698.39,2196193.00,1980,10
10/16/1980,878477.31,1512748.00,1980,10
10/17/1980,11310395.31,7759883.00,1980,10
10/20/1980,1756954.61,117130.30,1980,10
10/23/1980,512445.10,951683.70,1980,10
10/27/1980,1317715.96,1481991.00,1980,10
10/29/1980,1683748.17,329429.00,1980,10
10/30/1980,1390922.40,73206.44,1980,10
5/11/1980,3660322.11,2664714.00,1980,11
10/11/1980,1610541.73,724743.80,1980,11
11/13/1980,1530014.64,585651.50,1980,11
11/14/1980,752197.66,717347.00,1980,11
11/18/1980,2196193.27,3206442.00,1980,11
11/19/1980,1317715.96,1554905.00,1980,11
8/12/1980,1464128.84,585651.50,1980,12
9/12/1980,1244509.52,717423.10,1980,12
9/12/1980,2049780.38,585651.50,1980,12
10/12/1980,3660322.11,2196193.00,1980,12
12/12/1980,2668991.22,484887.30,1980,12
12/14/1980,1260241.58,1260615.00,1980,12
12/17/1980,7320644.22,12152270.00,1980,12
12/17/1980,1317715.96,517746.70,1980,12
12/25/1980,1756954.61,1024890.00,1980,12
12/27/1980,2489019.03,351390.90,1980,12
12/31/1980,1464128.84,866764.30,1980,12
1/1/1981,1284403.67,340760.20,1981,1
1/1/1981,1048492.79,266055.00,1981,1
1/1/1981,595321.10,1808650.00,1981,1
3/1/1981,3145478.37,3770152.00,1981,1
1/26/1981,1441677.59,373525.60,1981,1
1/31/1981,5897771.95,2359109.00,1981,1
7/2/1981,1289193.97,917431.20,1981,2
10/2/1981,4914809.96,29226740.00,1981,2
2/13/1981,1965923.98,406291.00,1981,2
2/15/1981,524246.40,3145478.00,1981,2
2/17/1981,990681.52,5242464.00,1981,2
2/23/1981,2686762.78,5570118.00,1981,2
2/27/1981,1703800.79,393184.80,1981,2
1/3/1981,393184.80,1376147.00,1981,3
1/3/1981,1323176.93,361726.10,1981,3
4/3/1981,1441677.59,494102.20,1981,3
10/3/1981,1310615.99,65530.80,1981,3
12/3/1981,655307.99,923984.30,1981,3
3/13/1981,1965923.98,393184.80,1981,3
3/23/1981,1310615.99,491481.00,1981,3
3/24/1981,1336828.31,482306.70,1981,3
3/24/1981,334207.08,976408.90,1981,3
3/27/1981,3019659.24,61114.02,1981,3
1/4/1981,7208387.94,13761470.00,1981,4
10/4/1981,1572739.19,2621232.00,1981,4
4/13/1981,1179554.39,682089.10,1981,4
4/18/1981,1965923.98,530799.50,1981,4
4/20/1981,2621231.98,2621232.00,1981,4
4/23/1981,2096985.58,6159895.00,1981,4
4/25/1981,2621231.98,10273920.00,1981,4
4/26/1981,1395806.03,393184.80,1981,4
4/26/1981,1899369.59,277457.40,1981,4
4/27/1981,8014849.28,762778.50,1981,4
4/27/1981,1382699.87,432503.30,1981,4
4/29/1981,1310615.99,2332896.00,1981,4
2/5/1981,525557.01,1087811.00,1981,5
3/5/1981,943643.51,524246.40,1981,5
6/5/1981,1548064.22,1572739.00,1981,5
5/13/1981,1572739.19,2228047.00,1981,5
5/16/1981,1179554.39,393184.80,1981,5
5/16/1981,1698990.83,131061.60,1981,5
5/21/1981,2330727.39,475753.60,1981,5
5/23/1981,786369.59,571428.60,1981,5
5/24/1981,989515.07,629095.70,1981,5
5/25/1981,655307.99,1310616.00,1981,5
5/28/1981,2760157.27,262123.20,1981,5
5/29/1981,2621231.98,53604190.00,1981,5
5/31/1981,4587155.96,393184.80,1981,5
6/17/1981,1703800.79,196592.40,1981,6
6/18/1981,1395806.03,327654.00,1981,6
6/19/1981,1376146.79,327654.00,1981,6
6/19/1981,2326343.38,693315.90,1981,6
6/24/1981,697247.71,722149.40,1981,6
6/29/1981,3931847.97,458715.60,1981,6
6/30/1981,5242463.96,2621232.00,1981,6
1/7/1981,524246.40,1048493.00,1981,7
7/7/1981,1965923.98,669698.60,1981,7
10/7/1981,1435648.75,429069.50,1981,7
11/7/1981,1441677.59,16077.33,1981,7
11/7/1981,5897771.95,1415465.00,1981,7
12/7/1981,1682817.82,92740.50,1981,7
7/20/1981,982961.99,366972.50,1981,7
7/26/1981,1125058.98,341415.50,1981,7
7/28/1981,3407601.57,1310616.00,1981,7
7/31/1981,1310615.99,131061.60,1981,7
11/8/1981,982961.99,393184.80,1981,8
8/19/1981,1598951.51,85190.04,1981,8
8/19/1981,1189478.37,178769.30,1981,8
8/28/1981,1703800.79,222804.70,1981,8
8/28/1981,2096985.58,537352.60,1981,8
8/28/1981,1834862.39,263433.80,1981,8
8/29/1981,1638269.99,1402898.00,1981,8
1/9/1981,1312762.78,166032.80,1981,9
2/9/1981,1310615.99,1310616.00,1981,9
3/9/1981,2752293.58,249017.00,1981,9
6/9/1981,8125819.13,2096986.00,1981,9
9/9/1981,1395498.03,1183898.00,1981,9
11/9/1981,1179554.39,773263.40,1981,9
9/16/1981,1539973.79,399737.90,1981,9
9/19/1981,1834862.39,34731.32,1981,9
9/20/1981,2090432.50,747051.10,1981,9
9/21/1981,1048492.79,930537.40,1981,9
9/22/1981,4627142.86,1310616.00,1981,9
9/26/1981,393184.80,1048493.00,1981,9
1/10/1981,1703800.79,334207.10,1981,10
3/10/1981,478374.84,2490170.00,1981,10
7/10/1981,1965923.98,471821.80,1981,10
11/10/1981,5483411.53,1626459.00,1981,10
10/18/1981,1218872.87,197077.30,1981,10
10/22/1981,2241153.34,3800786.00,1981,10
10/25/1981,1441677.59,1572739.00,1981,10
10/27/1981,1376146.79,393184.80,1981,10
10/28/1981,1002538.66,589777.20,1981,10
1/11/1981,1035386.63,353866.30,1981,11
3/11/1981,1179554.39,243774.60,1981,11
3/11/1981,991989.52,1330274.00,1981,11
5/11/1981,876802.10,528178.20,1981,11
8/11/1981,1965923.98,655308.00,1981,11
11/13/1981,2444298.82,1179554.00,1981,11
11/15/1981,1572739.19,32765.40,1981,11
11/16/1981,1703800.79,307994.80,1981,11
11/17/1981,1310615.99,956749.70,1981,11
11/19/1981,1277079.95,2096986.00,1981,11
11/22/1981,351874.18,1138925.00,1981,11
11/24/1981,1572739.19,524246.40,1981,11
11/25/1981,1099796.85,470369.60,1981,11
11/25/1981,1048492.79,327654.00,1981,11
1/12/1981,2621231.98,524246.40,1981,12
10/12/1981,805235.91,2228047.00,1981,12
12/13/1981,98296.20,1965924.00,1981,12
12/14/1981,5242463.96,1179554.00,1981,12
12/18/1981,1310615.99,179554.40,1981,12
12/21/1981,2883355.18,47182180.00,1981,12
12/21/1981,1441677.59,117955.40,1981,12
12/29/1981,2096985.58,327654.00,1981,12
12/31/1981,1310615.99,301441.70,1981,12
6/1/1982,2080856.12,2140309.00,1982,1
8/1/1982,784780.02,475624.30,1982,1
8/1/1982,1118026.16,285667.10,1982,1
9/1/1982,1070154.58,227110.60,1982,1
1/13/1982,1666980.98,260511.30,1982,1
1/13/1982,1426872.77,488585.00,1982,1
1/21/1982,1724137.93,178359.10,1982,1
1/22/1982,713436.39,475698.00,1982,1
1/22/1982,1735693.22,8442331.00,1982,1
1/29/1982,1907404.28,57639.71,1982,1
1/2/1982,1626892.98,319089.20,1982,2
3/2/1982,921522.00,280918.00,1982,2
4/2/1982,3923900.12,6896552.00,1982,2
4/2/1982,1650451.84,445897.70,1982,2
7/2/1982,1102259.22,790725.30,1982,2
8/2/1982,1486325.80,546967.90,1982,2
9/2/1982,653983.35,951248.50,1982,2
2/16/1982,1206896.55,196195.00,1982,2
2/22/1982,927467.30,267538.60,1982,2
2/25/1982,2853745.54,392390.00,1982,2
2/27/1982,594530.32,2378121.00,1982,2
2/28/1982,1103879.90,101070.20,1982,2
2/28/1982,1189060.64,594530.30,1982,2
7/3/1982,1783590.96,2140309.00,1982,3
10/3/1982,1480173.60,2972652.00,1982,3
3/19/1982,1204714.63,118906.10,1982,3
3/20/1982,1189060.64,416171.20,1982,3
3/22/1982,9631391.20,15338880.00,1982,3
5/4/1982,919143.88,713436.40,1982,4
5/4/1982,1082045.18,1032105.00,1982,4
11/4/1982,1307966.71,83234.24,1982,4
4/14/1982,1108145.07,832342.40,1982,4
4/14/1982,2378121.28,153329.40,1982,4
4/18/1982,1409036.86,78478.00,1982,4
4/21/1982,1443519.62,247324.60,1982,4
4/24/1982,1125140.31,133725.30,1982,4
4/24/1982,1228299.64,239001.20,1982,4
4/25/1982,2664684.90,71343.64,1982,4
4/28/1982,2378121.28,100969.10,1982,4
1/5/1982,1070154.58,3567182.00,1982,5
2/5/1982,594530.32,594530.30,1982,5
8/5/1982,1902497.03,439952.40,1982,5
5/16/1982,683709.87,653983.40,1982,5
5/23/1982,653983.35,3567182.00,1982,5
5/31/1982,1545778.83,94173.60,1982,5
3/6/1982,1189060.64,29726.52,1982,6
6/6/1982,832342.45,2853746.00,1982,6
10/6/1982,951248.51,2972652.00,1982,6
10/6/1982,832342.45,475624.30,1982,6
6/16/1982,1664684.90,500594.50,1982,6
6/17/1982,4253699.17,386493.50,1982,6
6/17/1982,1783590.96,1189061.00,1982,6
6/22/1982,594530.32,951248.50,1982,6
6/24/1982,951248.51,237812.10,1982,6
6/27/1982,7728894.17,3567182.00,1982,6
1/7/1982,2556480.38,309155.80,1982,7
7/14/1982,1248513.67,111055.90,1982,7
7/14/1982,2140309.16,3745541.00,1982,7
7/15/1982,1175074.91,94168.85,1982,7
7/21/1982,1964814.51,1553158.00,1982,7
7/24/1982,1486325.80,356718.20,1982,7
7/24/1982,1111771.70,303210.50,1982,7
7/27/1982,4756242.57,189789.50,1982,7
7/28/1982,737217.60,1175981.00,1982,7
7/29/1982,3686087.99,9374554.00,1982,7
7/31/1982,3129607.61,2378121.00,1982,7
1/8/1982,2259215.22,951248.50,1982,8
4/8/1982,3579227.11,614507.70,1982,8
4/8/1982,2972651.61,475624.30,1982,8
5/8/1982,3091557.67,464922.70,1982,8
6/8/1982,1236938.17,894573.10,1982,8
9/8/1982,2164090.37,253507.70,1982,8
8/13/1982,1156458.98,402724.10,1982,8
8/23/1982,951248.51,416171.20,1982,8
8/30/1982,2378121.28,1070155.00,1982,8
6/9/1982,1294195.01,289686.10,1982,9
8/9/1982,1070154.58,282996.40,1982,9
10/9/1982,1423642.09,363902.50,1982,9
10/9/1982,1724137.93,312722.90,1982,9
9/13/1982,1902497.03,71343.64,1982,9
9/18/1982,1852529.13,1057403.00,1982,9
9/19/1982,1426872.77,83234.24,1982,9
9/20/1982,2978190.25,1024388.00,1982,9
9/22/1982,475624.26,951248.50,1982,9
9/28/1982,1783590.96,504186.70,1982,9
9/30/1982,936979.79,451843.00,1982,9
1/10/1982,2378121.28,1795482.00,1982,10
4/10/1982,237812.13,2857313.00,1982,10
6/10/1982,801426.87,398722.90,1982,10
10/24/1982,14577883.47,45184300.00,1982,10
10/27/1982,6800049.94,18560050.00,1982,10
10/27/1982,12152199.76,3774078.00,1982,10
1/11/1982,2045862.07,541283.00,1982,11
6/11/1982,2114619.50,832342.40,1982,11
7/11/1982,1070154.58,154577.90,1982,11
8/11/1982,1070154.58,475624.30,1982,11
11/15/1982,1367419.74,1605232.00,1982,11
11/22/1982,1070154.58,356718.20,1982,11
11/25/1982,1070154.58,237812.10,1982,11
11/25/1982,416171.22,1082213.00,1982,11
11/27/1982,832342.45,856123.70,1982,11
2/12/1982,2378121.28,1997622.00,1982,12
2/12/1982,1313048.75,473643.30,1982,12
9/12/1982,951248.51,237812.10,1982,12
10/12/1982,1070154.58,3091558.00,1982,12
12/20/1982,1070154.58,1070155.00,1982,12
12/24/1982,3804994.05,15700360.00,1982,12
12/25/1982,2734839.48,1545779.00,1982,12
12/27/1982,4161712.25,1426873.00,1982,12
12/31/1982,1010701.55,1783591.00,1982,12
3/1/1983,1112347.05,229143.50,1983,1
3/1/1983,1040631.81,309014.50,1983,1
7/1/1983,1390433.82,107897.70,1983,1
9/1/1983,973303.67,139043.40,1983,1
10/1/1983,1045588.43,981899.90,1983,1
1/15/1983,803588.43,979864.30,1983,1
1/19/1983,4226918.80,122358.20,1983,1
1/24/1983,1001112.35,133481.60,1983,1
1/25/1983,1939695.22,521146.80,1983,1
1/30/1983,463848.72,1696329.00,1983,1
3/2/1983,1112347.05,4272525.00,1983,2
8/2/1983,710789.77,667408.20,1983,2
9/2/1983,889877.64,327030.00,1983,2
11/2/1983,1045606.23,117908.80,1983,2
12/2/1983,1124590.66,778642.90,1983,2
2/14/1983,3559510.57,1167964.00,1983,2
2/14/1983,1223581.76,333704.10,1983,2
2/17/1983,1001112.35,305895.40,1983,2
2/18/1983,2892102.34,251390.40,1983,2
2/20/1983,889877.64,307230.30,1983,2
3/18/1983,1223581.76,556173.50,1983,3
3/21/1983,1492070.08,155332.60,1983,3
3/21/1983,1312025.58,411666.30,1983,3
3/22/1983,3337041.16,2224694.00,1983,3
3/28/1983,1056729.70,278086.80,1983,3
1/4/1983,1112347.05,478309.20,1983,4
6/4/1983,1733768.63,520024.50,1983,4
10/4/1983,2117908.79,1668521.00,1983,4
11/4/1983,166852.06,1668521.00,1983,4
12/4/1983,1112347.05,1334816.00,1983,4
4/17/1983,829843.16,333704.10,1983,4
4/18/1983,2485454.95,667408.20,1983,4
4/21/1983,444938.82,4004449.00,1983,4
4/21/1983,834260.29,1335769.00,1983,4
10/5/1983,869855.39,339265.90,1983,5
5/13/1983,1023359.29,133481.60,1983,5
5/17/1983,667408.23,572858.70,1983,5
5/18/1983,889877.64,269378.20,1983,5
5/27/1983,1112347.05,1668521.00,1983,5
5/29/1983,7786429.37,1507230.00,1983,5
6/6/1983,1668520.58,472747.50,1983,6
7/6/1983,1167964.40,307007.80,1983,6
6/19/1983,1223581.76,371523.90,1983,6
6/22/1983,444938.82,667408.20,1983,6
6/23/1983,1779755.28,278086.80,1983,6
6/24/1983,937708.57,556173.50,1983,6
6/29/1983,1112347.05,184649.60,1983,6
3/7/1983,3559510.57,166852.10,1983,7
4/7/1983,808394.88,1085305.00,1983,7
7/7/1983,1971251.39,280946.60,1983,7
7/17/1983,1779755.28,667408.20,1983,7
7/18/1983,2729699.67,667408.20,1983,7
7/19/1983,2022764.18,355477.20,1983,7
7/20/1983,1390433.82,350389.30,1983,7
7/20/1983,795773.08,663515.00,1983,7
7/25/1983,1916573.97,190211.30,1983,7
7/25/1983,1380422.69,324805.30,1983,7
9/8/1983,823136.82,333704.10,1983,8
8/16/1983,1112347.05,111234.70,1983,8
8/17/1983,778642.94,413793.10,1983,8
8/22/1983,1290322.58,228031.10,1983,8
8/23/1983,1380422.69,263626.30,1983,8
8/25/1983,1140857.62,302280.30,1983,8
8/25/1983,1223581.76,559510.60,1983,8
8/25/1983,4057842.05,3934228.00,1983,8
8/28/1983,1446051.17,339265.90,1983,8
8/30/1983,4004449.39,889877.60,1983,8
8/31/1983,978865.41,327030.00,1983,8
1/9/1983,2224694.10,889877.60,1983,9
3/9/1983,889877.64,2986652.00,1983,9
3/9/1983,1807563.96,1779755.00,1983,9
4/9/1983,1219040.04,218914.30,1983,9
9/9/1983,556173.53,602460.50,1983,9
9/13/1983,1490545.05,3100111.00,1983,9
9/16/1983,5561735.26,5401557.00,1983,9
9/16/1983,2338153.50,723025.60,1983,9
9/17/1983,1012235.82,290322.60,1983,9
9/18/1983,1779755.28,276974.40,1983,9
9/18/1983,1033951.06,457815.40,1983,9
9/19/1983,4020022.25,2896532.00,1983,9
9/21/1983,1454062.29,150166.90,1983,9
9/29/1983,667408.23,2780868.00,1983,9
1/10/1983,1697675.19,278086.80,1983,10
2/10/1983,1334816.46,477196.90,1983,10
3/10/1983,1668520.58,333704.10,1983,10
3/10/1983,2341576.20,2402754.00,1983,10
5/10/1983,3003337.04,1001112.00,1983,10
11/10/1983,2224694.10,333704.10,1983,10
10/22/1983,60845.38,1131813.00,1983,10
10/24/1983,2002224.69,778642.90,1983,10
10/27/1983,1001112.35,311457.20,1983,10
1/11/1983,3559510.57,1779755.00,1983,11
11/13/1983,7230255.84,6117909.00,1983,11
11/15/1983,5658509.45,5773081.00,1983,11
11/16/1983,2669632.93,1311457.00,1983,11
11/23/1983,646829.81,2108206.00,1983,11
11/25/1983,778642.94,333704.10,1983,11
11/28/1983,889877.64,556173.50,1983,11
11/30/1983,1446051.17,627063.40,1983,11
12/15/1983,1056729.70,556173.50,1983,12
12/17/1983,1012235.82,112347.10,1983,12
12/19/1983,656284.76,472747.50,1983,12
12/20/1983,1779755.28,556173.50,1983,12
12/23/1983,1112347.05,611790.90,1983,12
12/24/1983,6674082.31,4449388.00,1983,12
12/25/1983,1112347.05,556173.50,1983,12
12/27/1983,1590656.28,133481.60,1983,12
12/30/1983,945494.99,556173.50,1983,12
1/1/1984,1204188.48,898534.00,1984,1
1/1/1984,837696.34,209424.10,1984,1
2/1/1984,1058869.11,314136.10,1984,1
4/1/1984,1329842.93,31413.61,1984,1
10/1/1984,2414410.47,126701.60,1984,1
1/31/1984,942408.38,202094.20,1984,1
7/2/1984,1973821.99,257591.60,1984,2
2/25/1984,1675392.67,732984.30,1984,2
2/28/1984,1052984.29,599193.70,1984,2
6/3/1984,805551.83,245224.10,1984,3
6/3/1984,2617801.05,83769.63,1984,3
6/3/1984,2198952.88,345549.70,1984,3
7/3/1984,1780104.71,575916.20,1984,3
8/3/1984,1256544.50,418848.20,1984,3
12/3/1984,732984.29,3141361.00,1984,3
3/15/1984,879581.15,890052.40,1984,3
3/17/1984,659685.86,458638.70,1984,3
3/17/1984,1727748.69,481675.40,1984,3
3/19/1984,830366.49,268062.80,1984,3
3/27/1984,2387833.51,575916.20,1984,3
3/28/1984,2617801.05,9005236.00,1984,3
3/28/1984,11081675.39,3211518.00,1984,3
3/4/1984,1256544.50,31413.61,1984,4
4/14/1984,3151832.46,9424084.00,1984,4
4/19/1984,412565.45,668062.80,1984,4
4/19/1984,1282722.51,534031.40,1984,4
4/22/1984,4188481.68,1256545.00,1984,4
4/25/1984,833507.85,213403.10,1984,4
4/27/1984,1361256.54,575916.20,1984,4
4/30/1984,1780104.71,213612.60,1984,4
2/5/1984,2094240.84,366492.10,1984,5
12/5/1984,1087302.62,340314.10,1984,5
12/5/1984,1256544.50,321466.00,1984,5
5/13/1984,2617801.05,1465969.00,1984,5
5/14/1984,1151832.46,900523.60,1984,5
5/20/1984,540314.14,628272.30,1984,5
5/20/1984,1047120.42,73298.43,1984,5
1/6/1984,3455497.38,314136.10,1984,6
4/6/1984,1151832.46,52356.02,1984,6
8/6/1984,1361256.54,509947.60,1984,6
8/6/1984,2094240.84,2303665.00,1984,6
8/6/1984,3350785.34,1256545.00,1984,6
11/6/1984,523560.21,15505120.00,1984,6
6/19/1984,104712.04,15706810.00,1984,6
6/24/1984,1026178.01,230366.50,1984,6
1/7/1984,942408.38,209424.10,1984,7
5/7/1984,890052.36,183246.10,1984,7
9/7/1984,1064158.12,130262.80,1984,7
12/7/1984,942408.38,121952.90,1984,7
12/7/1984,1255497.38,128795.80,1984,7
12/7/1984,732984.29,387434.60,1984,7
7/17/1984,1675392.67,118324.60,1984,7
7/23/1984,907565.45,699162.30,1984,7
7/27/1984,1570680.63,1073298.00,1984,7
1/8/1984,1083769.63,203126.70,1984,8
1/8/1984,1308900.52,3141361.00,1984,8
1/8/1984,1047120.42,189528.80,1984,8
2/8/1984,1361256.54,597905.80,1984,8
4/8/1984,981626.18,209424.10,1984,8
5/8/1984,240837.70,633805.20,1984,8
7/8/1984,1465968.59,523560.20,1984,8
9/8/1984,1033819.90,442915.20,1984,8
10/8/1984,2303664.92,418848.20,1984,8
11/8/1984,635325.65,399442.90,1984,8
8/17/1984,811518.32,795811.50,1984,8
8/20/1984,314136.13,890052.40,1984,8
8/20/1984,837696.34,235602.10,1984,8
8/20/1984,963350.79,136125.70,1984,8
8/21/1984,1193717.28,202094.20,1984,8
8/26/1984,2408376.96,693033.50,1984,8
8/29/1984,1570680.63,1191760.00,1984,8
8/31/1984,731407.33,335078.50,1984,8
8/31/1984,837696.34,364861.80,1984,8
2/9/1984,929572.77,370680.60,1984,9
4/9/1984,1005235.60,314136.10,1984,9
5/9/1984,2198952.88,1204188.00,1984,9
9/9/1984,209424.08,968586.40,1984,9
10/9/1984,3664921.47,628272.30,1984,9
11/9/1984,3141361.26,829319.40,1984,9
9/14/1984,1879581.15,340314.10,1984,9
9/15/1984,1570680.63,1047120.00,1984,9
9/18/1984,1361256.54,73239.79,1984,9
9/23/1984,732984.29,314136.10,1984,9
9/26/1984,1455497.38,134548.70,1984,9
9/28/1984,10471204.19,6387435.00,1984,9
3/10/1984,1495800.00,334048.20,1984,10
4/10/1984,1570680.63,418848.20,1984,10
6/10/1984,1884816.75,942408.40,1984,10
10/10/1984,1308900.52,324607.30,1984,10
10/24/1984,16753926.70,2094241.00,1984,10
10/28/1984,759162.30,366492.10,1984,10
10/29/1984,4317744.50,568985.30,1984,10
1/11/1984,1151832.46,52356.02,1984,11
2/11/1984,1154871.20,10471.20,1984,11
4/11/1984,209424.08,942408.40,1984,11
7/11/1984,1861780.10,1183246.00,1984,11
7/11/1984,4397905.76,2837696.00,1984,11
10/11/1984,2722513.09,4921466.00,1984,11
11/13/1984,1465968.59,603678.50,1984,11
11/14/1984,1047120.42,1884817.00,1984,11
11/15/1984,942408.38,345549.70,1984,11
11/17/1984,942408.38,333206.30,1984,11
11/23/1984,1989528.80,680628.30,1984,11
3/12/1984,942408.38,261780.10,1984,12
10/12/1984,3664921.47,3874346.00,1984,12
11/12/1984,837696.34,261780.10,1984,12
12/12/1984,628272.25,732984.30,1984,12
12/13/1984,2617801.05,52356.02,1984,12
12/17/1984,104712.04,1047120.00,1984,12
12/19/1984,1780104.71,2094241.00,1984,12
12/22/1984,3979057.59,1047120.00,1984,12
12/29/1984,1832460.73,2408377.00,1984,12
12/31/1984,837696.34,314136.10,1984,12
3/1/1985,1050000.00,201000.00,1985,1
4/1/1985,650000.00,380000.00,1985,1
5/1/1985,900000.00,150000.00,1985,1
5/1/1985,1500000.00,400000.00,1985,1
6/1/1985,1500000.00,181750.00,1985,1
7/1/1985,705000.00,302000.00,1985,1
7/1/1985,850000.00,175000.00,1985,1
8/1/1985,893929.00,113345.00,1985,1
11/1/1985,1956566.00,506571.00,1985,1
11/1/1985,3050000.00,800000.00,1985,1
11/1/1985,900000.00,130000.00,1985,1
12/1/1985,750000.00,570000.00,1985,1
1/13/1985,900000.00,160000.00,1985,1
1/14/1985,1340000.00,47000.00,1985,1
1/16/1985,700000.00,370000.00,1985,1
1/17/1985,725000.00,1391823.00,1985,1
1/20/1985,1422949.00,365464.00,1985,1
1/22/1985,132562.00,962934.00,1985,1
1/24/1985,2993574.00,1034500.00,1985,1
1/25/1985,1191000.00,1992000.00,1985,1
1/28/1985,1750000.00,993000.00,1985,1
1/30/1985,600000.00,1700000.00,1985,1
8/2/1985,900000.00,100000.00,1985,2
10/2/1985,750000.00,1100000.00,1985,2
11/2/1985,850000.00,386535.00,1985,2
12/2/1985,1500000.00,291000.00,1985,2
2/15/1985,2260000.00,519000.00,1985,2
2/16/1985,7400000.00,9437567.00,1985,2
2/17/1985,1020000.00,375000.00,1985,2
2/17/1985,800100.00,205000.00,1985,2
2/20/1985,950000.00,15350000.00,1985,2
2/21/1985,717990.00,331883.00,1985,2
2/23/1985,1120000.00,633542.00,1985,2
2/25/1985,1800000.00,4343355.00,1985,2
3/3/1985,1570000.00,369000.00,1985,3
4/3/1985,4000000.00,32500000.00,1985,3
11/3/1985,2000000.00,1400000.00,1985,3
3/17/1985,4800000.00,1400000.00,1985,3
3/20/1985,670000.00,1000000.00,1985,3
3/23/1985,705000.00,750000.00,1985,3
3/27/1985,900000.00,150000.00,1985,3
3/28/1985,985000.00,345000.00,1985,3
3/28/1985,2874285.00,1226835.00,1985,3
11/4/1985,600000.00,794239.00,1985,4
12/4/1985,3600000.00,516228.00,1985,4
4/14/1985,500000.00,3200000.00,1985,4
4/21/1985,600000.00,700000.00,1985,4
4/24/1985,3500000.00,3585000.00,1985,4
4/26/1985,216000.00,924054.00,1985,4
4/27/1985,2963000.00,2703594.00,1985,4
4/28/1985,500000.00,750000.00,1985,4
4/28/1985,800000.00,400000.00,1985,4
2/5/1985,2400000.00,280000.00,1985,5
2/5/1985,740000.00,260000.00,1985,5
5/5/1985,775000.00,600000.00,1985,5
6/5/1985,900000.00,350000.00,1985,5
7/5/1985,2200000.00,1030000.00,1985,5
9/5/1985,950000.00,405100.00,1985,5
5/14/1985,1783000.00,500000.00,1985,5
5/15/1985,750000.00,1600000.00,1985,5
5/26/1985,2800000.00,350000.00,1985,5
5/27/1985,1900000.00,450000.00,1985,5
5/29/1985,2350000.00,540000.00,1985,5
5/31/1985,1200000.00,1600000.00,1985,5
1/6/1985,980000.00,280000.00,1985,6
2/6/1985,900000.00,200000.00,1985,6
6/6/1985,500000.00,658759.00,1985,6
10/6/1985,500000.00,1700000.00,1985,6
11/6/1985,1050000.00,20000.00,1985,6
12/6/1985,6800000.00,2400000.00,1985,6
6/15/1985,800000.00,850000.00,1985,6
6/16/1985,2400000.00,9825000.00,1985,6
6/18/1985,1300000.00,100000.00,1985,6
6/19/1985,4500000.00,8739000.00,1985,6
6/22/1985,950000.00,135000.00,1985,6
6/22/1985,850000.00,200000.00,1985,6
6/27/1985,1350000.00,1300000.00,1985,6
6/27/1985,1300000.00,423000.00,1985,6
6/28/1985,3000000.00,2200000.00,1985,6
6/28/1985,1225000.00,600000.00,1985,6
2/7/1985,900000.00,100000.00,1985,7
2/7/1985,600000.00,1300000.00,1985,7
6/7/1985,970000.00,307400.00,1985,7
6/7/1985,650000.00,545000.00,1985,7
7/13/1985,1400000.00,175000.00,1985,7
7/15/1985,2165042.00,1100000.00,1985,7
7/15/1985,900000.00,300000.00,1985,7
7/16/1985,2015000.00,218000.00,1985,7
2/8/1985,760000.00,2000000.00,1985,8
3/8/1985,940000.00,225000.00,1985,8
4/8/1985,1345000.00,27000.00,1985,8
6/8/1985,50000.00,1200000.00,1985,8
6/8/1985,1300000.00,400000.00,1985,8
8/14/1985,700000.00,400000.00,1985,8
8/19/1985,820000.00,421012.00,1985,8
8/19/1985,760000.00,245000.00,1985,8
8/20/1985,1000000.00,2250000.00,1985,8
8/21/1985,960000.00,90000.00,1985,8
8/23/1985,41213000.00,15620000.00,1985,8
8/24/1985,910000.00,142000.00,1985,8
8/24/1985,925000.00,193000.00,1985,8
8/25/1985,1800000.00,570000.00,1985,8
8/28/1985,964900.00,110000.00,1985,8
8/31/1985,5000000.00,850000.00,1985,8
2/9/1985,2000000.00,10000000.00,1985,9
4/9/1985,100000.00,1230000.00,1985,9
7/9/1985,1000000.00,700000.00,1985,9
8/9/1985,1213000.00,4434000.00,1985,9
11/9/1985,1000000.00,50000.00,1985,9
12/9/1985,861058.00,295000.00,1985,9
9/13/1985,2600000.00,652150.00,1985,9
9/15/1985,3000000.00,10500000.00,1985,9
9/19/1985,915000.00,286500.00,1985,9
9/19/1985,1400000.00,250000.00,1985,9
9/23/1985,1010000.00,154600.00,1985,9
9/25/1985,892000.00,425000.00,1985,9
9/25/1985,3900000.00,50000.00,1985,9
9/29/1985,5000000.00,1200000.00,1985,9
2/10/1985,960000.00,200000.00,1985,10
6/10/1985,800000.00,260000.00,1985,10
10/10/1985,1134699.00,356588.00,1985,10
11/10/1985,1661813.00,320000.00,1985,10
12/10/1985,2800000.00,314360.00,1985,10
12/10/1985,2250000.00,1800000.00,1985,10
10/13/1985,600000.00,400000.00,1985,10
10/17/1985,5600000.00,13800000.00,1985,10
10/18/1985,1050000.00,82000.00,1985,10
10/19/1985,2000000.00,20000.00,1985,10
10/22/1985,1900000.00,1400000.00,1985,10
10/25/1985,1230000.00,6000000.00,1985,10
10/26/1985,750000.00,1100000.00,1985,10
10/30/1985,1000000.00,1500000.00,1985,10
5/11/1985,1500000.00,53000.00,1985,11
6/11/1985,950000.00,104000.00,1985,11
10/11/1985,500000.00,500000.00,1985,11
11/13/1985,1310000.00,5400000.00,1985,11
11/16/1985,500000.00,1000000.00,1985,11
11/19/1985,900000.00,155000.00,1985,11
11/27/1985,1136000.00,116000.00,1985,11
11/29/1985,200000.00,1100000.00,1985,11
4/12/1985,1100000.00,172078.00,1985,12
6/12/1985,800000.00,200000.00,1985,12
8/12/1985,1300000.00,550000.00,1985,12
10/12/1985,1020000.00,160000.00,1985,12
11/12/1985,501000.00,542000.00,1985,12
11/12/1985,900000.00,100000.00,1985,12
11/12/1985,600000.00,1000000.00,1985,12
11/12/1985,1000000.00,4500000.00,1985,12
12/16/1985,1300000.00,500000.00,1985,12
12/20/1985,400000.00,1250000.00,1985,12
2/1/1986,771456.12,689488.90,1986,1
4/1/1986,1184956.61,291514.00,1986,1
5/1/1986,1350048.22,2892960.00,1986,1
7/1/1986,3375120.54,308582.40,1986,1
1/13/1986,867888.14,192864.00,1986,1
1/13/1986,241080.04,1157184.00,1986,1
1/14/1986,723240.12,578592.10,1986,1
1/16/1986,1398264.22,43587.27,1986,1
1/16/1986,675024.11,964320.20,1986,1
1/19/1986,848601.74,202025.10,1986,1
1/21/1986,1060752.17,694310.50,1986,1
1/24/1986,2314368.37,2169720.00,1986,1
1/27/1986,1287367.41,390549.70,1986,1
1/27/1986,771456.12,289296.00,1986,1
1/30/1986,848601.74,151398.30,1986,1
1/31/1986,2314368.37,768563.20,1986,1
1/2/1986,891996.14,385728.10,1986,2
4/2/1986,1060752.17,146576.70,1986,2
4/2/1986,964320.15,964320.20,1986,2
5/2/1986,771456.12,231436.80,1986,2
5/2/1986,771456.12,318225.70,1986,2
7/2/1986,1459320.15,298809.10,1986,2
12/2/1986,1253616.20,337512.10,1986,2
12/2/1986,385728.06,433944.10,1986,2
2/13/1986,617164.90,359026.00,1986,2
2/15/1986,907946.96,319049.20,1986,2
2/16/1986,1104146.58,964320.20,1986,2
2/16/1986,2121504.34,836065.60,1986,2
2/18/1986,964320.15,5834137.00,1986,2
2/21/1986,462873.67,501446.50,1986,2
2/28/1986,940212.15,289296.00,1986,2
2/28/1986,1446480.23,289296.00,1986,2
2/28/1986,2410622.95,412793.60,1986,2
3/3/1986,1440829.32,192887.20,1986,3
4/3/1986,964320.15,96432.02,1986,3
5/3/1986,1153230.47,588235.30,1986,3
7/3/1986,2410800.39,482160.10,1986,3
8/3/1986,4339440.69,7714561.00,1986,3
9/3/1986,2121504.34,289296.00,1986,3
10/3/1986,1446480.23,111861.10,1986,3
3/19/1986,771456.12,2410800.00,1986,3
3/19/1986,1350530.38,550133.10,1986,3
3/19/1986,482160.08,1350048.00,1986,3
3/23/1986,2700096.43,506268.10,1986,3
3/30/1986,916104.15,144648.00,1986,3
2/4/1986,482160.08,675024.10,1986,4
2/4/1986,1832208.29,2410800.00,1986,4
2/4/1986,2700096.43,482160.10,1986,4
3/4/1986,1494696.24,164532.30,1986,4
3/4/1986,385728.06,2121504.00,1986,4
7/4/1986,192864.03,588235.30,1986,4
7/4/1986,2941176.47,13500480.00,1986,4
8/4/1986,848601.74,234329.80,1986,4
10/4/1986,2796528.45,583423.30,1986,4
10/4/1986,988428.16,192864.00,1986,4
10/4/1986,12150433.94,7232401.00,1986,4
11/4/1986,3375120.54,1446480.00,1986,4
11/4/1986,955641.27,192864.00,1986,4
4/16/1986,771456.12,675024.10,1986,4
4/17/1986,1253616.20,313404.10,1986,4
4/18/1986,1157184.19,96432.02,1986,4
4/19/1986,964320.15,482160.10,1986,4
4/22/1986,1446480.23,385728.10,1986,4
4/24/1986,482160.08,1157184.00,1986,4
4/26/1986,964320.15,313404.10,1986,4
4/27/1986,1215334.62,1228255.00,1986,4
4/30/1986,2892960.46,241080.00,1986,4
2/5/1986,800385.73,2892960.00,1986,5
3/5/1986,2892907.43,298939.20,1986,5
5/5/1986,896817.74,270009.60,1986,5
6/5/1986,1052073.29,74252.65,1986,5
7/5/1986,1157184.19,163934.40,1986,5
12/5/1986,1253616.20,482160.10,1986,5
12/5/1986,964320.15,8678881.00,1986,5
5/13/1986,983606.56,337512.10,1986,5
5/16/1986,1928640.31,2892960.00,1986,5
5/21/1986,1350048.22,482160.10,1986,5
5/21/1986,1301832.21,87147.54,1986,5
5/22/1986,1108968.18,96432.02,1986,5
5/28/1986,1446480.23,263591.10,1986,5
1/6/1986,846636.45,241011.60,1986,6
6/6/1986,1157184.19,385728.10,1986,6
10/6/1986,723240.12,1446480.00,1986,6
6/14/1986,2025072.32,3375121.00,1986,6
6/20/1986,3375120.54,2410800.00,1986,6
6/22/1986,771456.12,578592.10,1986,6
6/26/1986,2892960.46,11571840.00,1986,6
6/29/1986,530376.08,1060752.00,1986,6
6/30/1986,1060752.17,867888.10,1986,6
6/30/1986,1350048.22,96432.02,1986,6
6/30/1986,1542912.25,135004.80,1986,6
1/7/1986,743461.91,267536.20,1986,7
1/7/1986,1639344.26,1205400.00,1986,7
4/7/1986,1023143.68,127290.30,1986,7
5/7/1986,578592.09,1928640.00,1986,7
6/7/1986,1928640.31,964320.20,1986,7
8/7/1986,1808100.29,289296.00,1986,7
11/7/1986,1950819.67,122179.40,1986,7
7/15/1986,1383799.42,347010.60,1986,7
7/17/1986,578592.09,543500.50,1986,7
7/18/1986,1128254.58,385728.10,1986,7
7/20/1986,1060752.17,636451.30,1986,7
7/22/1986,4532304.73,1253616.00,1986,7
7/22/1986,867888.14,163934.40,1986,7
7/30/1986,482160.08,964320.20,1986,7
1/8/1986,740597.88,379942.10,1986,8
3/8/1986,1136933.46,66441.66,1986,8
4/8/1986,4146576.66,1446480.00,1986,8
4/8/1986,1220829.32,212150.40,1986,8
4/8/1986,1099324.98,63741.56,1986,8
5/8/1986,1147540.98,251687.60,1986,8
7/8/1986,983606.56,96594.99,1986,8
8/13/1986,1175722.28,62512.05,1986,8
8/16/1986,964320.15,578592.10,1986,8
8/16/1986,675024.11,1446480.00,1986,8
8/17/1986,1157184.19,385728.10,1986,8
8/18/1986,771456.12,482160.10,1986,8
8/22/1986,1301832.21,28929.60,1986,8
2/9/1986,1446480.23,578592.10,1986,9
3/9/1986,2410800.39,6268081.00,1986,9
7/9/1986,1639344.26,578592.10,1986,9
7/9/1986,1157184.19,144648.00,1986,9
9/9/1986,1432015.43,146094.50,1986,9
10/9/1986,838958.53,167999.00,1986,9
12/9/1986,6460945.03,1639344.00,1986,9
9/13/1986,964320.15,38572.81,1986,9
9/13/1986,964320.15,144648.00,1986,9
9/16/1986,8534233.37,1735776.00,1986,9
9/17/1986,1129841.85,141553.50,1986,9
9/17/1986,2314368.37,578592.10,1986,9
9/18/1986,2700096.43,428163.90,1986,9
9/20/1986,1928640.31,964320.20,1986,9
9/22/1986,892960.46,228543.90,1986,9
9/24/1986,1446480.23,250723.20,1986,9
9/25/1986,863066.54,162198.60,1986,9
9/26/1986,10125361.62,3567985.00,1986,9
9/27/1986,2217936.35,385728.10,1986,9
9/28/1986,891031.82,362584.40,1986,9
9/30/1986,1253616.20,241080.00,1986,9
3/10/1986,964320.15,641272.90,1986,10
3/10/1986,1281581.49,399228.50,1986,10
3/10/1986,1855351.98,495660.60,1986,10
6/10/1986,1928640.31,385728.10,1986,10
6/10/1986,771456.12,482160.10,1986,10
10/15/1986,964320.15,1542912.00,1986,10
10/16/1986,2177434.91,479884.30,1986,10
10/17/1986,1697203.47,271938.30,1986,10
10/23/1986,1446480.23,3375121.00,1986,10
10/26/1986,2071359.69,1766635.00,1986,10
10/26/1986,1060752.17,144648.00,1986,10
10/28/1986,819672.13,337512.10,1986,10
10/29/1986,1639344.26,289296.00,1986,10
10/30/1986,1928640.31,313404.10,1986,10
10/30/1986,1108968.18,77145.61,1986,10
10/31/1986,1446480.23,482160.10,1986,10
3/11/1986,48216.01,1041466.00,1986,11
3/11/1986,912246.87,125361.60,1986,11
4/11/1986,578592.09,675024.10,1986,11
6/11/1986,1928640.31,233847.60,1986,11
7/11/1986,4146576.66,476070.40,1986,11
8/11/1986,1253616.20,289296.00,1986,11
9/11/1986,858244.94,130183.20,1986,11
11/24/1986,964320.15,1735776.00,1986,11
11/24/1986,964320.15,482160.10,1986,11
11/26/1986,1446480.23,482160.10,1986,11
2/12/1986,964320.15,3134041.00,1986,12
3/12/1986,1687560.27,192864.00,1986,12
4/12/1986,482160.08,1928640.00,1986,12
4/12/1986,144648.02,867888.10,1986,12
12/13/1986,887174.54,241080.00,1986,12
12/18/1986,530376.08,472516.90,1986,12
12/22/1986,1157184.19,575699.10,1986,12
12/23/1986,1253616.20,355110.90,1986,12
12/24/1986,930568.95,120540.00,1986,12
12/25/1986,11089681.77,3567985.00,1986,12
12/28/1986,96432.02,3278689.00,1986,12
12/29/1986,1253616.20,355110.90,1986,12
12/30/1986,1253616.20,4243009.00,1986,12
1/1/1987,775510.20,247680.90,1987,1
1/1/1987,1174397.03,129870.10,1987,1
2/1/1987,834879.41,231910.90,1987,1
5/1/1987,1484230.06,324675.30,1987,1
7/1/1987,463821.89,2782931.00,1987,1
8/1/1987,797773.65,608534.30,1987,1
9/1/1987,635435.99,1855288.00,1987,1
9/1/1987,593692.02,417439.70,1987,1
9/1/1987,1948051.95,791280.10,1987,1
10/1/1987,2472170.69,393321.00,1987,1
11/1/1987,1141929.50,278293.10,1987,1
11/1/1987,1819109.46,414656.80,1987,1
11/1/1987,1339517.63,58441.56,1987,1
11/1/1987,1391465.68,927643.80,1987,1
11/1/1987,2110389.61,602968.50,1987,1
1/13/1987,1437847.87,208719.90,1987,1
1/14/1987,2782931.35,64935.06,1987,1
1/16/1987,1020408.16,463821.90,1987,1
1/17/1987,927643.78,185528.80,1987,1
1/18/1987,1018552.88,130797.80,1987,1
1/19/1987,2458256.03,679962.90,1987,1
1/19/1987,3246753.25,463821.90,1987,1
1/21/1987,1960111.32,408163.30,1987,1
1/22/1987,881261.60,140074.20,1987,1
1/24/1987,1623376.62,1113173.00,1987,1
1/24/1987,463821.89,13543600.00,1987,1
1/25/1987,1113172.54,278293.10,1987,1
1/30/1987,1669758.81,483302.40,1987,1
2/2/1987,742115.03,324675.30,1987,2
6/2/1987,1113172.54,67718.00,1987,2
9/2/1987,515769.94,3871985.00,1987,2
9/2/1987,834879.41,222634.50,1987,2
10/2/1987,3339517.63,602968.50,1987,2
11/2/1987,809833.02,195732.80,1987,2
12/2/1987,1051020.41,451762.50,1987,2
2/15/1987,1669758.81,2417440.00,1987,2
2/16/1987,2319109.46,788497.20,1987,2
2/18/1987,1762523.19,491651.20,1987,2
2/19/1987,1345083.49,412801.50,1987,2
2/21/1987,1053803.34,159554.70,1987,2
2/22/1987,1113172.54,139146.60,1987,2
2/25/1987,698515.77,3066790.00,1987,2
2/27/1987,1855287.57,371057.50,1987,2
2/3/1987,1855287.57,250463.80,1987,3
2/3/1987,53803.34,351577.00,1987,3
5/3/1987,2189239.33,938775.50,1987,3
8/3/1987,1168831.17,482374.80,1987,3
8/3/1987,1595547.31,927643.80,1987,3
11/3/1987,649350.65,927643.80,1987,3
12/3/1987,927643.78,800556.60,1987,3
3/20/1987,1762523.19,92764.38,1987,3
3/28/1987,1205936.92,927643.80,1987,3
3/29/1987,742115.03,556586.30,1987,3
3/30/1987,2504638.22,208719.90,1987,3
3/30/1987,794990.72,461966.60,1987,3
1/4/1987,919294.99,186456.40,1987,4
1/4/1987,1855287.57,1576994.00,1987,4
4/4/1987,927643.78,352504.60,1987,4
5/4/1987,3246753.25,3339518.00,1987,4
6/4/1987,1020408.16,64935.06,1987,4
6/4/1987,1252319.11,326530.60,1987,4
4/17/1987,927643.78,294063.10,1987,4
4/17/1987,1142857.14,92764.38,1987,4
4/24/1987,4174397.03,649350.60,1987,4
4/24/1987,1498144.71,927643.80,1987,4
4/26/1987,1247680.89,371057.50,1987,4
4/27/1987,1391465.68,102040.80,1987,4
4/30/1987,1030612.24,93692.02,1987,4
6/5/1987,834879.41,788497.20,1987,5
6/5/1987,1391465.68,371057.50,1987,5
5/14/1987,811688.31,115955.50,1987,5
5/14/1987,3710575.14,7421150.00,1987,5
5/22/1987,1113172.54,742115.00,1987,5
5/23/1987,2319109.46,10204080.00,1987,5
5/28/1987,1762523.19,3988868.00,1987,5
5/29/1987,1391465.68,4359926.00,1987,5
1/6/1987,3246753.25,927643.80,1987,6
3/6/1987,1855287.57,2319109.00,1987,6
3/6/1987,3246753.25,533395.20,1987,6
8/6/1987,556586.27,2782931.00,1987,6
10/6/1987,1113172.54,240259.70,1987,6
11/6/1987,1391465.68,231910.90,1987,6
6/14/1987,1020408.16,33395.18,1987,6
6/16/1987,1113172.54,278293.10,1987,6
6/25/1987,1113172.54,474953.60,1987,6
1/7/1987,1113172.54,204081.60,1987,7
6/7/1987,1437847.87,2968460.00,1987,7
12/7/1987,1113172.54,157699.40,1987,7
7/15/1987,1799628.94,598330.20,1987,7
7/19/1987,950834.88,118738.40,1987,7
7/28/1987,2319109.46,556586.30,1987,7
7/30/1987,649350.65,371057.50,1987,7
7/30/1987,649350.65,463821.90,1987,7
4/8/1987,185528.76,1630798.00,1987,8
6/8/1987,640074.21,461966.60,1987,8
7/8/1987,1103896.10,278293.10,1987,8
8/17/1987,3710575.14,16402600.00,1987,8
8/18/1987,5565862.71,10667900.00,1987,8
8/22/1987,1391465.68,1113173.00,1987,8
8/24/1987,2226345.08,834879.40,1987,8
8/25/1987,160482.37,904452.70,1987,8
2/9/1987,742115.03,208719.90,1987,9
6/9/1987,1181818.18,131725.40,1987,9
9/9/1987,927643.78,148423.00,1987,9
12/9/1987,1298701.30,213358.10,1987,9
9/15/1987,1307977.74,358998.10,1987,9
9/15/1987,15213358.07,1669759.00,1987,9
9/18/1987,788497.22,1113173.00,1987,9
9/18/1987,1029684.60,419295.00,1987,9
9/19/1987,1270871.99,218923.90,1987,9
9/19/1987,649350.65,371057.50,1987,9
9/21/1987,1205936.92,373840.40,1987,9
9/22/1987,92764.38,1113173.00,1987,9
9/24/1987,264378.48,1205937.00,1987,9
9/27/1987,927643.78,278293.10,1987,9
9/28/1987,185528.76,834879.40,1987,9
9/30/1987,807050.09,417439.70,1987,9
3/10/1987,839517.63,118738.40,1987,10
3/10/1987,4174397.03,3617811.00,1987,10
3/10/1987,1317254.17,32467.53,1987,10
5/10/1987,23191094.62,4638219.00,1987,10
5/10/1987,927643.78,3246753.00,1987,10
6/10/1987,3116883.12,2782931.00,1987,10
8/10/1987,811688.31,194805.20,1987,10
11/10/1987,23191.09,1484230.00,1987,10
11/10/1987,927643.78,278293.10,1987,10
10/14/1987,927643.78,1391466.00,1987,10
10/16/1987,1020408.16,2319109.00,1987,10
10/18/1987,452690.17,1920223.00,1987,10
10/19/1987,921150.28,175324.70,1987,10
10/20/1987,538033.40,423005.60,1987,10
10/22/1987,927643.78,324675.30,1987,10
10/24/1987,2003710.58,1646568.00,1987,10
10/25/1987,927643.78,463821.90,1987,10
10/27/1987,3988868.27,2319109.00,1987,10
10/30/1987,6679035.25,2782931.00,1987,10
10/30/1987,1576994.43,1298701.00,1987,10
10/31/1987,983302.41,649350.60,1987,10
1/11/1987,3089053.80,384972.20,1987,11
1/11/1987,4823747.68,2782931.00,1987,11
5/11/1987,1113172.54,2782931.00,1987,11
6/11/1987,837662.34,287569.60,1987,11
7/11/1987,8812615.96,2504638.00,1987,11
8/11/1987,2319109.46,386827.50,1987,11
11/11/1987,491651.21,1623377.00,1987,11
11/15/1987,1113172.54,314471.20,1987,11
11/18/1987,1391465.68,1484230.00,1987,11
11/29/1987,1391465.68,343228.20,1987,11
2/12/1987,1020408.16,742115.00,1987,12
2/12/1987,974025.97,315398.90,1987,12
6/12/1987,834879.41,355287.60,1987,12
7/12/1987,1020408.16,4174397.00,1987,12
9/12/1987,1985157.70,1948052.00,1987,12
9/12/1987,2922077.92,2040816.00,1987,12
12/12/1987,1113172.54,1298701.00,1987,12
12/12/1987,919294.99,155844.20,1987,12
12/13/1987,4174397.03,1920223.00,1987,12
12/13/1987,1716141.00,354359.90,1987,12
12/14/1987,1113172.54,1298701.00,1987,12
12/17/1987,2782931.35,111317.30,1987,12
12/17/1987,834879.41,231910.90,1987,12
12/19/1987,927643.78,185528.80,1987,12
12/19/1987,371057.51,927643.80,1987,12
12/20/1987,788497.22,259740.30,1987,12
12/23/1987,602968.46,324675.30,1987,12
12/29/1987,788497.22,556586.30,1987,12
12/31/1987,1298701.30,371057.50,1987,12
1/1/1988,1184560.78,433895.30,1988,1
1/1/1988,752440.11,275066.50,1988,1
3/1/1988,2218278.62,10647740.00,1988,1
1/15/1988,1330967.17,887311.40,1988,1
1/19/1988,1200532.39,719609.60,1988,1
1/21/1988,266193.43,621118.00,1988,1
1/23/1988,395740.91,2560781.00,1988,1
1/23/1988,1685891.75,112688.60,1988,1
1/23/1988,1020408.16,532386.90,1988,1
1/25/1988,798580.30,443655.70,1988,1
1/26/1988,1747116.24,140195.20,1988,1
1/30/1988,976042.59,354924.60,1988,1
1/2/1988,1135758.65,3549246.00,1988,2
6/2/1988,2218278.62,1043478.00,1988,2
9/2/1988,1034605.15,132209.40,1988,2
10/2/1988,2484472.05,36379.77,1988,2
11/2/1988,931677.02,362023.10,1988,2
2/14/1988,15527950.31,2896185.00,1988,2
2/21/1988,3105590.06,4880213.00,1988,2
2/22/1988,3311446.32,185448.10,1988,2
2/29/1988,2040816.33,4470275.00,1988,2
2/29/1988,1153504.88,106477.40,1988,2
2/3/1988,1508429.46,250221.80,1988,3
3/3/1988,88731.14,1464064.00,1988,3
7/3/1988,1247559.89,19520.85,1988,3
8/3/1988,1863354.04,266193.40,1988,3
9/3/1988,1508429.46,1131322.00,1988,3
12/3/1988,488021.30,1064774.00,1988,3
3/14/1988,1023957.41,443655.70,1988,3
3/14/1988,1153504.88,1153505.00,1988,3
3/18/1988,1508429.46,399290.20,1988,3
3/19/1988,887311.45,354924.60,1988,3
3/21/1988,607808.34,603371.80,1988,3
3/25/1988,7098491.57,17746230.00,1988,3
6/4/1988,1242236.02,709849.20,1988,4
12/4/1988,1574977.82,115350.50,1988,4
4/14/1988,1290150.84,248447.20,1988,4
4/20/1988,1685891.75,177462.30,1988,4
4/24/1988,3105590.06,1394854.00,1988,4
4/24/1988,901508.43,887311.40,1988,4
4/26/1988,2218278.62,3726708.00,1988,4
4/29/1988,488021.30,740905.10,1988,4
4/30/1988,1109139.31,266193.40,1988,4
4/30/1988,1952085.18,354924.60,1988,4
8/5/1988,532386.87,1597161.00,1988,5
9/5/1988,4081632.65,623779.90,1988,5
9/5/1988,3904170.36,3771074.00,1988,5
12/5/1988,1228926.35,127772.80,1988,5
5/13/1988,1597160.60,709849.20,1988,5
5/15/1988,1197870.45,177462.30,1988,5
5/16/1988,310559.01,621118.00,1988,5
5/17/1988,6042590.95,17746230.00,1988,5
5/19/1988,443655.72,443655.70,1988,5
5/23/1988,1064773.74,110913.90,1988,5
5/26/1988,1330967.17,6211180.00,1988,5
5/27/1988,1863354.04,227151.70,1988,5
5/29/1988,1330967.17,456965.40,1988,5
5/29/1988,709849.16,727595.40,1988,5
5/29/1988,5767524.40,372670.80,1988,5
5/30/1988,1375332.74,241348.70,1988,5
5/31/1988,2484472.05,9316770.00,1988,5
1/6/1988,2839396.63,133096.70,1988,6
3/6/1988,709849.16,1242236.00,1988,6
3/6/1988,2218278.62,225377.10,1988,6
5/6/1988,1597160.60,625554.60,1988,6
5/6/1988,6654835.85,17746230.00,1988,6
6/6/1988,3549245.79,177462.30,1988,6
6/13/1988,798580.30,177462.30,1988,6
6/16/1988,443655.72,3992902.00,1988,6
6/21/1988,221827.86,709849.20,1988,6
6/24/1988,1863354.04,532386.90,1988,6
6/24/1988,887311.45,4880213.00,1988,6
6/29/1988,709849.16,1597161.00,1988,6
1/7/1988,732919.25,354924.60,1988,7
1/7/1988,878438.33,264418.80,1988,7
1/7/1988,1445430.35,421472.90,1988,7
5/7/1988,812777.28,308784.40,1988,7
6/7/1988,5323868.68,665483.60,1988,7
8/7/1988,2102928.13,406388.60,1988,7
9/7/1988,944986.69,383318.50,1988,7
12/7/1988,761313.22,283939.70,1988,7
7/18/1988,754214.73,292812.80,1988,7
7/19/1988,1419698.31,2661934.00,1988,7
7/19/1988,10692102.93,3105590.00,1988,7
7/20/1988,1774622.89,2661934.00,1988,7
7/26/1988,887311.45,329192.50,1988,7
7/30/1988,1774622.89,4436557.00,1988,7
10/8/1988,2330079.86,504880.20,1988,8
12/8/1988,34605146.41,9207631.00,1988,8
8/15/1988,195208.52,727595.40,1988,8
8/18/1988,976042.59,641526.20,1988,8
8/21/1988,905057.68,240461.40,1988,8
8/21/1988,1242236.02,133984.00,1988,8
8/22/1988,939662.82,203194.30,1988,8
8/24/1988,1863354.04,145519.10,1988,8
8/24/1988,887311.45,887311.40,1988,8
1/9/1988,5057675.24,1774623.00,1988,9
4/9/1988,536823.43,1724933.00,1988,9
5/9/1988,887311.45,461402.00,1988,9
6/9/1988,3105590.06,6566105.00,1988,9
6/9/1988,266193.43,754214.70,1988,9
8/9/1988,976042.59,286601.60,1988,9
8/9/1988,399290.15,1508429.00,1988,9
9/9/1988,950310.56,101153.50,1988,9
11/9/1988,1330967.17,532386.90,1988,9
9/14/1988,310559.01,647737.40,1988,9
9/17/1988,1330967.17,310559.00,1988,9
9/18/1988,1330967.17,4436557.00,1988,9
9/19/1988,3549245.79,1330967.00,1988,9
9/20/1988,1677018.63,525288.40,1988,9
9/27/1988,1330967.17,310559.00,1988,9
9/27/1988,221827.86,709849.20,1988,9
4/10/1988,5545696.54,15971610.00,1988,10
8/10/1988,2573203.19,887311.40,1988,10
8/10/1988,1656610.47,553682.30,1988,10
10/17/1988,829636.20,220053.20,1988,10
10/20/1988,2661934.34,176575.00,1988,10
10/20/1988,2085181.90,354924.60,1988,10
10/23/1988,976042.59,621118.00,1988,10
10/29/1988,1330967.17,257320.30,1988,10
3/11/1988,3695652.17,798580.30,1988,11
5/11/1988,5767524.40,1330967.00,1988,11
5/11/1988,2549245.79,126885.50,1988,11
11/14/1988,709849.16,399290.20,1988,11
11/18/1988,443655.72,5767524.00,1988,11
11/19/1988,1464063.89,133096.70,1988,11
11/20/1988,488021.30,567879.30,1988,11
11/21/1988,1712511.09,166814.60,1988,11
11/23/1988,88731.14,1313221.00,1988,11
11/26/1988,976042.59,443655.70,1988,11
2/12/1988,621118.01,2661934.00,1988,12
5/12/1988,665483.58,423247.60,1988,12
8/12/1988,842945.87,1330967.00,1988,12
9/12/1988,1863354.04,976042.60,1988,12
12/14/1988,2661934.34,1330967.00,1988,12
12/15/1988,4436557.23,5323869.00,1988,12
12/17/1988,842945.87,266193.40,1988,12
12/17/1988,8873114.46,14196980.00,1988,12
12/18/1988,1774622.89,776397.50,1988,12
12/25/1988,1330967.17,354924.60,1988,12
2/1/1989,1128704.49,712108.40,1989,1
3/1/1989,1022861.98,132938.20,1989,1
5/1/1989,4911092.29,465707.00,1989,1
9/1/1989,226926.33,1134632.00,1989,1
11/1/1989,677392.04,296359.00,1989,1
11/1/1989,635055.04,368331.90,1989,1
1/14/1989,2201524.13,508044.00,1989,1
1/15/1989,1163420.83,51651.14,1989,1
1/15/1989,1270110.08,635055.00,1989,1
1/17/1989,423370.03,2540220.00,1989,1
1/19/1989,2540220.15,159187.10,1989,1
1/20/1989,4233700.25,16934800.00,1989,1
1/21/1989,550381.03,677392.00,1989,1
1/24/1989,613886.54,436071.10,1989,1
1/24/1989,2709568.16,558848.40,1989,1
1/26/1989,1270110.08,3132938.00,1989,1
1/29/1989,790855.21,423370.00,1989,1
2/2/1989,1100762.07,244707.90,1989,2
2/2/1989,846740.05,1439458.00,1989,2
5/2/1989,1371718.88,190516.50,1989,2
6/2/1989,930567.32,190516.50,1989,2
2/13/1989,740050.80,274343.80,1989,2
2/14/1989,6985605.42,33596950.00,1989,2
2/14/1989,846740.05,846740.10,1989,2
2/15/1989,3386960.20,1270110.00,1989,2
2/18/1989,908552.07,207451.30,1989,2
2/23/1989,223539.37,1168501.00,1989,2
4/3/1989,3386960.20,11007620.00,1989,3
6/3/1989,198983.91,762066.00,1989,3
7/3/1989,1320914.48,423370.00,1989,3
3/14/1989,618120.24,1947502.00,1989,3
3/17/1989,1693480.10,228619.80,1989,3
3/23/1989,8467400.51,9009314.00,1989,3
3/23/1989,1270110.08,598645.20,1989,3
3/24/1989,381033.02,1270110.00,1989,3
3/27/1989,7620660.46,1608806.00,1989,3
5/4/1989,1438611.35,336155.80,1989,4
6/4/1989,1265876.38,609652.80,1989,4
9/4/1989,584250.64,5080440.00,1989,4
4/14/1989,762066.05,3386960.00,1989,4
4/16/1989,1016088.06,267569.90,1989,4
4/21/1989,931414.06,423370.00,1989,4
4/23/1989,3810330.23,182895.90,1989,4
4/26/1989,1693480.10,8467401.00,1989,4
4/28/1989,2540220.15,146486.00,1989,4
4/28/1989,1182049.11,441998.30,1989,4
2/5/1989,508044.03,3556308.00,1989,5
6/5/1989,1270110.08,283657.90,1989,5
6/5/1989,1116850.13,359864.50,1989,5
7/5/1989,1016088.06,173581.70,1989,5
11/5/1989,3048264.18,6072820.00,1989,5
5/13/1989,2540220.15,122777.30,1989,5
5/13/1989,812870.45,232853.50,1989,5
5/15/1989,2286198.14,1354784.00,1989,5
5/23/1989,1270110.08,1270110.00,1989,5
5/24/1989,846740.05,334462.30,1989,5
5/24/1989,1176968.67,388653.70,1989,5
5/24/1989,2370872.14,677392.00,1989,5
5/25/1989,2540220.15,425063.50,1989,5
5/25/1989,1185436.07,271803.60,1989,5
5/29/1989,4233700.25,67739.20,1989,5
5/6/1989,275190.52,635055.00,1989,6
8/6/1989,1367485.18,512277.70,1989,6
12/6/1989,1524132.09,209991.50,1989,6
6/13/1989,719729.04,347163.40,1989,6
6/13/1989,2116850.13,4233700.00,1989,6
6/16/1989,846740.05,330228.60,1989,6
6/17/1989,3060965.28,423370.00,1989,6
6/17/1989,1705334.46,254022.00,1989,6
6/23/1989,254022.02,1524132.00,1989,6
6/27/1989,660457.24,558848.40,1989,6
6/28/1989,3471634.21,2963590.00,1989,6
3/7/1989,1778154.11,254022.00,1989,7
5/7/1989,1348010.16,2743438.00,1989,7
6/7/1989,1185436.07,716342.10,1989,7
8/7/1989,3386960.20,1439458.00,1989,7
10/7/1989,1301439.46,717188.80,1989,7
10/7/1989,1456392.89,37256.56,1989,7
7/13/1989,994919.56,103302.30,1989,7
7/18/1989,2794242.17,304826.40,1989,7
7/18/1989,1456392.89,157493.60,1989,7
7/20/1989,872142.25,423370.00,1989,7
7/22/1989,1693480.10,592718.00,1989,7
7/23/1989,1624047.42,270956.80,1989,7
7/24/1989,1947502.12,338696.00,1989,7
7/25/1989,1058425.06,33869.60,1989,7
7/26/1989,677392.04,338696.00,1989,7
7/28/1989,3556308.21,296359.00,1989,7
7/28/1989,4233700.25,7493649.00,1989,7
3/8/1989,514817.95,338696.00,1989,8
4/8/1989,5080440.30,8467401.00,1989,8
5/8/1989,1100762.07,254022.00,1989,8
5/8/1989,590177.82,1270110.00,1989,8
7/8/1989,2211685.01,4075360.00,1989,8
8/8/1989,2074513.12,541913.60,1989,8
9/8/1989,719729.04,313293.80,1989,8
11/8/1989,12701100.76,1312447.00,1989,8
8/23/1989,7408975.44,958509.70,1989,8
8/23/1989,423370.03,436071.10,1989,8
8/23/1989,372565.62,558848.40,1989,8
8/25/1989,762066.05,254022.00,1989,8
8/26/1989,1016088.06,430143.90,1989,8
8/27/1989,1117696.87,370025.40,1989,8
8/28/1989,2116850.13,1270110.00,1989,8
8/28/1989,2127011.01,150719.70,1989,8
8/29/1989,804403.05,237087.20,1989,8
8/30/1989,1016088.06,160880.60,1989,8
8/31/1989,1058425.06,230313.30,1989,8
4/9/1989,423370.03,423370.00,1989,9
4/9/1989,2650296.36,784928.00,1989,9
9/9/1989,931414.06,266723.10,1989,9
10/9/1989,1298899.24,1053345.00,1989,9
11/9/1989,812870.45,254022.00,1989,9
11/9/1989,812870.45,254022.00,1989,9
11/9/1989,4995766.30,1185436.00,1989,9
9/14/1989,1282811.18,3640982.00,1989,9
9/14/1989,787468.25,262489.40,1989,9
9/16/1989,812870.45,270956.80,1989,9
9/18/1989,1312447.08,270956.80,1989,9
9/21/1989,643522.44,635055.00,1989,9
9/25/1989,2540220.15,2116850.00,1989,9
9/25/1989,1312447.08,171888.20,1989,9
9/27/1989,762066.05,846740.10,1989,9
9/28/1989,1270110.08,127011.00,1989,9
9/29/1989,3386960.20,5927180.00,1989,9
1/10/1989,1693480.10,423370.00,1989,10
2/10/1989,1337849.28,302286.20,1989,10
7/10/1989,948348.86,88060.97,1989,10
10/20/1989,1693480.10,4233700.00,1989,10
10/22/1989,2751905.17,29635900.00,1989,10
10/23/1989,1270110.08,1693480.00,1989,10
10/24/1989,1219305.67,423370.00,1989,10
10/26/1989,846740.05,169348.00,1989,10
10/11/1989,1693480.10,2116850.00,1989,11
11/11/1989,1270110.08,258255.70,1989,11
12/11/1989,931414.06,169348.00,1989,11
11/13/1989,783234.55,296359.00,1989,11
11/14/1989,16934801.02,1185436.00,1989,11
11/15/1989,1291278.58,440304.80,1989,11
11/16/1989,1693480.10,2116850.00,1989,11
11/16/1989,762066.05,338696.00,1989,11
11/19/1989,1693480.10,25402.20,1989,11
11/20/1989,762066.05,254022.00,1989,11
11/29/1989,1693480.10,2116850.00,1989,11
11/29/1989,975444.54,339542.80,1989,11
5/12/1989,1270110.08,234547.00,1989,12
6/12/1989,973751.06,168501.30,1989,12
8/12/1989,762066.05,338696.00,1989,12
12/14/1989,670618.12,342929.70,1989,12
12/15/1989,1572396.27,52497.88,1989,12
12/18/1989,1863674.85,508044.00,1989,12
12/19/1989,2032176.12,400508.00,1989,12
12/22/1989,845893.31,169348.00,1989,12
12/25/1989,1270110.08,592718.00,1989,12
12/29/1989,846740.05,237087.20,1989,12
12/30/1989,3386960.20,762066.00,1989,12
12/31/1989,846740.05,169348.00,1989,12
12/31/1989,846740.05,330228.60,1989,12
1/1/1990,1464521.45,412541.30,1990,1
6/1/1990,777227.72,490924.10,1990,1
8/1/1990,1113861.39,242574.30,1990,1
12/1/1990,763201.32,330033.00,1990,1
1/13/1990,1155115.51,34653.47,1990,1
1/17/1990,1080858.09,206270.60,1990,1
1/19/1990,1235148.51,330033.00,1990,1
1/20/1990,206270.63,701320.10,1990,1
1/20/1990,2062706.27,247524.80,1990,1
1/24/1990,825082.51,62706.27,1990,1
1/25/1990,2516501.65,88283.83,1990,1
1/26/1990,1402640.26,422442.20,1990,1
1/26/1990,1320132.01,572607.30,1990,1
1/31/1990,3052805.28,127887.80,1990,1
5/2/1990,948844.88,268151.80,1990,2
7/2/1990,754950.50,1196370.00,1990,2
8/2/1990,2805280.53,825082.50,1990,2
9/2/1990,600660.07,425742.60,1990,2
11/2/1990,1650165.02,57755.78,1990,2
2/19/1990,2457095.71,523927.40,1990,2
2/20/1990,452145.21,3211221.00,1990,2
2/22/1990,825082.51,2475248.00,1990,2
2/27/1990,577557.76,453795.40,1990,2
2/27/1990,1155115.51,299505.00,1990,2
7/3/1990,1287128.71,320132.00,1990,3
3/15/1990,816831.68,165016.50,1990,3
3/17/1990,185643.56,742574.30,1990,3
3/22/1990,825082.51,787953.80,1990,3
3/23/1990,4719471.95,5288779.00,1990,3
3/25/1990,907590.76,152640.30,1990,3
3/27/1990,825082.51,330033.00,1990,3
3/28/1990,907590.76,350660.10,1990,3
2/4/1990,181518.15,742574.30,1990,4
2/4/1990,1072607.26,36303.63,1990,4
3/4/1990,1237623.76,82508.25,1990,4
3/4/1990,1320132.01,334983.50,1990,4
7/4/1990,754950.50,339934.00,1990,4
8/4/1990,990099.01,1312706.00,1990,4
9/4/1990,730198.02,799505.00,1990,4
11/4/1990,2640264.03,577557.80,1990,4
4/13/1990,825082.51,259901.00,1990,4
4/20/1990,592409.24,348184.80,1990,4
4/25/1990,2062706.27,10313530.00,1990,4
4/25/1990,1237623.76,509075.90,1990,4
4/30/1990,1320132.01,1650165.00,1990,4
1/5/1990,990099.01,31353.14,1990,5
3/5/1990,1650165.02,2392739.00,1990,5
3/5/1990,4620462.05,577557.80,1990,5
4/5/1990,2310231.02,241749.20,1990,5
7/5/1990,907590.76,347359.70,1990,5
9/5/1990,1155115.51,165016.50,1990,5
5/18/1990,2062706.27,470297.00,1990,5
5/18/1990,2805280.53,431518.20,1990,5
5/22/1990,639438.94,569306.90,1990,5
5/25/1990,1031353.14,259075.90,1990,5
5/25/1990,742574.26,825082.50,1990,5
5/25/1990,820132.01,445544.60,1990,5
5/26/1990,3712871.29,1280528.00,1990,5
5/27/1990,1196369.64,247524.80,1990,5
5/30/1990,907590.76,1196370.00,1990,5
4/6/1990,1155115.51,660066.00,1990,6
6/6/1990,504950.50,990099.00,1990,6
6/6/1990,1031353.14,1011551.00,1990,6
7/6/1990,618811.88,431518.20,1990,6
11/6/1990,1072607.26,825082.50,1990,6
6/14/1990,701320.13,262376.20,1990,6
6/15/1990,990099.01,660066.00,1990,6
6/15/1990,4558580.86,9900990.00,1990,6
6/15/1990,1485148.51,808580.90,1990,6
6/18/1990,330033.00,2887789.00,1990,6
1/7/1990,1169141.91,495049.50,1990,7
5/7/1990,1732673.27,165016.50,1990,7
5/7/1990,2769801.98,3157591.00,1990,7
9/7/1990,1320132.01,90759.08,1990,7
10/7/1990,990099.01,75082.51,1990,7
10/7/1990,1732673.27,55280.53,1990,7
7/13/1990,1567656.77,412541.30,1990,7
7/15/1990,730198.02,338283.80,1990,7
7/15/1990,1010726.07,577557.80,1990,7
7/15/1990,1097359.74,163366.30,1990,7
7/16/1990,433168.32,480198.00,1990,7
7/17/1990,1485148.51,577557.80,1990,7
7/18/1990,660066.01,412541.30,1990,7
7/19/1990,1732673.27,990099.00,1990,7
7/20/1990,2557755.78,342409.20,1990,7
7/20/1990,709570.96,311881.20,1990,7
7/21/1990,1072607.26,5775578.00,1990,7
7/21/1990,1113861.39,1237624.00,1990,7
7/22/1990,82508.25,878712.90,1990,7
7/23/1990,873762.38,391914.20,1990,7
7/23/1990,632838.28,448844.90,1990,7
7/24/1990,1443894.39,273927.40,1990,7
7/27/1990,907590.76,371287.10,1990,7
7/28/1990,1320132.01,825.08,1990,7
7/28/1990,958745.87,380363.00,1990,7
7/28/1990,1443894.39,31353.14,1990,7
7/28/1990,1206270.63,374587.50,1990,7
7/29/1990,2227722.77,3547855.00,1990,7
7/31/1990,10726072.61,2475248.00,1990,7
2/8/1990,582508.25,2264851.00,1990,8
4/8/1990,2079207.92,204620.50,1990,8
6/8/1990,858085.81,94059.41,1990,8
10/8/1990,812706.27,110561.10,1990,8
11/8/1990,825082.51,1237624.00,1990,8
8/13/1990,664191.42,990099.00,1990,8
8/13/1990,1179867.99,198844.90,1990,8
8/14/1990,5280528.05,12282180.00,1990,8
8/14/1990,1155115.51,4785479.00,1990,8
8/14/1990,660066.01,2062706.00,1990,8
8/14/1990,2120462.05,295379.50,1990,8
8/15/1990,1010726.07,16501.65,1990,8
8/17/1990,825082.51,316831.70,1990,8
8/18/1990,330033.00,622937.30,1990,8
8/19/1990,1567656.77,161716.20,1990,8
8/20/1990,3300330.03,825082.50,1990,8
8/21/1990,1237623.76,371287.10,1990,8
8/22/1990,103135.31,759075.90,1990,8
8/22/1990,792079.21,214521.50,1990,8
8/26/1990,701320.13,412541.30,1990,8
8/29/1990,990099.01,660066.00,1990,8
8/29/1990,1027227.72,239273.90,1990,8
8/30/1990,1047854.79,443894.40,1990,8
8/30/1990,3795379.54,288778.90,1990,8
8/31/1990,1109735.97,339108.90,1990,8
9/15/1990,3712871.29,165016.50,1990,9
9/27/1990,841584.16,61881.19,1990,9
9/30/1990,825082.51,165016.50,1990,9
1/10/1990,433168.32,330033.00,1990,10
1/10/1990,577557.76,2227723.00,1990,10
2/10/1990,2722772.28,412541.30,1990,10
3/10/1990,1320132.01,305280.50,1990,10
8/10/1990,11695544.55,132013200.00,1990,10
10/10/1990,8910891.09,15181520.00,1990,10
12/10/1990,1980198.02,12293730.00,1990,10
12/10/1990,2062706.27,1402640.00,1990,10
10/15/1990,1320132.01,222772.30,1990,10
10/16/1990,3630363.04,990099.00,1990,10
10/19/1990,3300330.03,412541.30,1990,10
10/23/1990,783828.38,230198.00,1990,10
10/29/1990,288778.88,825082.50,1990,10
7/11/1990,1361386.14,400990.10,1990,11
10/11/1990,1443894.39,371287.10,1990,11
11/11/1990,165016.50,742574.30,1990,11
11/13/1990,1402640.26,1650165.00,1990,11
11/15/1990,2032178.22,334983.50,1990,11
11/23/1990,5115511.55,660066.00,1990,11
11/29/1990,107260.73,2475248.00,1990,11
11/30/1990,660066.01,495049.50,1990,11
4/12/1990,1006600.66,264026.40,1990,12
5/12/1990,1031353.14,429042.90,1990,12
8/12/1990,1481848.18,196369.60,1990,12
9/12/1990,1237623.76,346534.70,1990,12
9/12/1990,1320132.01,198844.90,1990,12
10/12/1990,1237623.76,16501650.00,1990,12
12/14/1990,1237623.76,2310231.00,1990,12
12/15/1990,1072607.26,288778.90,1990,12
12/16/1990,907590.76,61881.19,1990,12
12/17/1990,2310231.02,330033.00,1990,12
12/19/1990,775577.56,247524.80,1990,12
12/20/1990,825082.51,206270.60,1990,12
12/21/1990,2887788.78,123762.40,1990,12
12/21/1990,1072607.26,330033.00,1990,12
12/22/1990,1662541.25,660066.00,1990,12
12/23/1990,825082.51,290429.00,1990,12
12/27/1990,702145.21,412541.30,1990,12
12/30/1990,2062706.27,2392739.00,1990,12
12/31/1990,3712871.29,412541.30,1990,12
